Date,AAPL,AMD,AMZN,BABA,BIDU,GOOG,IBM,JD,META,MSFT,NVDA,ORCL,PDD,UBER
2023-01-03,130.27999877929688,66.0,85.45999908447266,91.11000061035156,118.86000061035156,89.83000183105469,141.10000610351562,57.970001220703125,122.81999969482422,243.0800018310547,148.50999450683594,82.47000122070312,85.51000213623047,25.3700008392334
2023-01-04,126.88999938964844,65.0,86.55000305175781,98.8499984741211,126.54000091552734,91.01000213623047,142.07000732421875,61.68000030517578,127.37999725341797,232.27999877929688,145.6699981689453,84.19999694824219,89.16999816894531,25.729999542236328
2023-01-05,127.12999725341797,64.1500015258789,85.33000183105469,101.4000015258789,128.3300018310547,88.06999969482422,142.44000244140625,63.5,126.12999725341797,227.1999969482422,144.91000366210938,85.0,90.0,25.729999542236328
2023-01-06,126.01000213623047,63.150001525878906,83.02999877929688,104.11000061035156,130.91000366210938,87.36000061035156,142.3800048828125,63.95500183105469,128.97000122070312,223.0,144.74000549316406,84.73999786376953,94.22000122070312,25.860000610351562
2023-01-09,130.47000122070312,66.22000122070312,87.45999908447266,111.98999786376953,135.7899932861328,89.19499969482422,144.0800018310547,64.80999755859375,131.16000366210938,226.4499969482422,152.83999633789062,86.83999633789062,99.01000213623047,27.299999237060547
2023-01-10,130.25999450683594,66.66999816894531,87.56999969482422,112.97000122070312,133.61000061035156,86.72000122070312,143.61000061035156,64.0999984741211,127.2699966430664,227.75999450683594,155.07000732421875,85.63999938964844,96.45999908447266,27.399999618530273
2023-01-11,131.25,68.38999938964844,90.93000030517578,114.5999984741211,136.5800018310547,90.05999755859375,145.0,63.279998779296875,130.9600067138672,231.2899932861328,158.39999389648438,87.37000274658203,93.77999877929688,28.239999771118164
2023-01-12,133.8800048828125,70.06999969482422,96.93000030517578,113.66000366210938,137.00999450683594,92.4000015258789,144.8800048828125,63.02000045776367,133.44000244140625,235.25999450683594,161.0,88.69999694824219,92.87999725341797,28.850000381469727
2023-01-13,132.02999877929688,69.83999633789062,94.18000030517578,114.5199966430664,135.39999389648438,91.52799987792969,144.05999755859375,63.84000015258789,134.97000122070312,237.0,162.77999877929688,87.94999694824219,94.30000305175781,28.68000030517578
2023-01-17,134.8300018310547,70.87000274658203,98.68000030517578,115.5199966430664,135.4600067138672,92.77999877929688,146.4199981689453,61.119998931884766,136.17999267578125,237.97000122070312,168.99000549316406,89.19000244140625,94.51000213623047,29.440000534057617
2023-01-18,136.82000732421875,71.87000274658203,97.25,116.75,131.49000549316406,92.94000244140625,144.39999389648438,60.709999084472656,135.80999755859375,241.57000732421875,176.6699981689453,88.5999984741211,96.11000061035156,29.950000762939453
2023-01-19,134.0800018310547,68.97000122070312,94.73999786376953,114.0199966430664,126.9800033569336,91.38999938964844,140.0,59.09000015258789,132.49000549316406,233.77999877929688,170.36000061035156,86.4000015258789,91.8499984741211,28.469999313354492
2023-01-20,135.27999877929688,68.01000213623047,93.86000061035156,118.302001953125,133.4199981689453,95.94999694824219,141.6699981689453,60.494998931884766,135.88999938964844,234.86000061035156,170.11000061035156,86.02999877929688,92.01000213623047,29.299999237060547
2023-01-23,138.1199951171875,72.22000122070312,97.55999755859375,120.0,136.0,99.12999725341797,141.39999389648438,60.95000076293945,139.2899932861328,241.10000610351562,180.63999938964844,87.19000244140625,93.5,30.6299991607666
2023-01-24,140.30999755859375,73.75,96.93000030517578,115.0,134.24000549316406,99.55000305175781,141.25,60.20000076293945,141.69000244140625,242.5,188.27000427246094,89.05000305175781,93.91999816894531,28.510000228881836
2023-01-25,140.88999938964844,72.9000015258789,92.55999755859375,118.51000213623047,131.99000549316406,97.19999694824219,140.47000122070312,61.13999938964844,141.22000122070312,234.47999572753906,189.1300048828125,88.69999694824219,95.55000305175781,29.219999313354492
2023-01-26,143.1699981689453,76.5,98.23999786376953,121.0,137.22999572753906,98.27999877929688,137.52999877929688,62.52000045776367,144.39999389648438,243.64999389648438,197.00999450683594,89.88999938964844,98.86000061035156,30.530000686645508
2023-01-27,143.16000366210938,73.69999694824219,99.52999877929688,119.69000244140625,139.6699981689453,99.05000305175781,134.44000244140625,64.19999694824219,148.24000549316406,248.99000549316406,194.6199951171875,89.5,104.69999694824219,29.700000762939453
2023-01-30,144.9600067138672,74.2300033569336,101.08999633789062,111.69000244140625,140.64999389648438,98.74500274658203,134.32000732421875,60.61000061035156,149.41000366210938,244.50999450683594,199.5,88.47000122070312,99.61000061035156,30.200000762939453
2023-01-31,142.6999969482422,72.26000213623047,101.16000366210938,109.41999816894531,136.0,97.86000061035156,135.5,59.029998779296875,147.9499969482422,243.4499969482422,191.6999969482422,87.69000244140625,95.86000061035156,29.75
2023-02-01,143.97000122070312,78.47000122070312,102.52999877929688,111.86000061035156,145.0500030517578,99.73999786376953,134.49000549316406,60.130001068115234,148.02999877929688,248.0,196.91000366210938,88.37000274658203,102.30999755859375,30.8799991607666
2023-02-02,148.89999389648438,84.29000091552734,110.25,112.5,154.64999389648438,106.79000091552734,135.9600067138672,60.29999923706055,183.3800048828125,258.82000732421875,210.0,90.66000366210938,102.80000305175781,32.41999816894531
2023-02-03,148.02999877929688,86.66000366210938,105.26000213623047,108.05000305175781,148.0,103.51000213623047,136.35000610351562,58.689998626708984,183.47000122070312,259.5400085449219,210.0,88.47000122070312,98.45999908447266,32.16999816894531
2023-02-06,152.57000732421875,84.62999725341797,102.93000030517578,103.81999969482422,142.02000427246094,102.68499755859375,135.8300018310547,56.470001220703125,186.52999877929688,257.44000244140625,208.05999755859375,89.51000213623047,92.12000274658203,33.529998779296875
2023-02-07,150.63999938964844,84.31999969482422,101.16999816894531,106.83999633789062,159.14999389648438,103.62999725341797,135.6699981689453,56.88999938964844,185.5800018310547,260.5299987792969,213.82000732421875,87.87000274658203,95.9000015258789,33.65999984741211
2023-02-08,153.8800048828125,85.87999725341797,102.04000091552734,107.0999984741211,157.0,102.69000244140625,135.7100067138672,56.790000915527344,190.0,273.20001220703125,223.8699951171875,86.93000030517578,93.4800033569336,37.43000030517578
2023-02-09,153.77999877929688,85.87999725341797,101.31999969482422,108.5,154.47000122070312,100.54000091552734,134.99000549316406,56.41999816894531,186.1300048828125,273.79998779296875,226.05999755859375,87.13999938964844,96.0,36.88999938964844
2023-02-10,149.4600067138672,82.29000091552734,97.55999755859375,105.80000305175781,142.83999633789062,95.73999786376953,133.77999877929688,53.41999816894531,176.35000610351562,261.5299987792969,216.89999389648438,86.52999877929688,91.01000213623047,34.400001525878906
2023-02-13,150.9499969482422,81.56999969482422,97.8499984741211,105.98999786376953,145.57000732421875,95.01000213623047,136.0,52.900001525878906,178.22000122070312,267.6400146484375,215.3800048828125,87.27999877929688,94.98999786376953,34.5
2023-02-14,152.1199951171875,82.69999694824219,98.41000366210938,103.55000305175781,145.4499969482422,94.66000366210938,137.0500030517578,51.63999938964844,177.16000366210938,272.6700134277344,215.77999877929688,89.0,93.9800033569336,33.11000061035156
2023-02-15,153.11000061035156,85.0999984741211,99.08999633789062,102.38999938964844,153.05999755859375,94.73999786376953,135.1999969482422,51.63999938964844,176.4199981689453,268.32000732421875,225.49000549316406,88.8499984741211,93.77999877929688,35.0099983215332
2023-02-16,153.50999450683594,82.9800033569336,99.20999908447266,102.70999908447266,149.0,95.54000091552734,135.57000732421875,53.790000915527344,172.75,264.0199890136719,221.3300018310547,87.45999908447266,94.22000122070312,35.599998474121094
2023-02-17,152.35000610351562,79.5999984741211,97.80000305175781,101.0,143.49000549316406,95.06999969482422,134.5,53.11000061035156,170.22000122070312,259.3900146484375,216.30999755859375,87.19999694824219,95.04000091552734,35.959999084472656
2023-02-21,150.1999969482422,77.1500015258789,95.33999633789062,96.5,138.27000427246094,93.23999786376953,134.0,48.11000061035156,174.30999755859375,254.47999572753906,210.0,86.76000213623047,86.22000122070312,33.779998779296875
2023-02-22,148.8699951171875,76.93000030517578,95.0999984741211,95.57499694824219,150.0,91.93399810791016,131.89999389648438,48.244998931884766,171.07000732421875,254.08999633789062,207.07000732421875,86.68000030517578,85.25,34.349998474121094
2023-02-23,150.08999633789062,80.62999725341797,96.12000274658203,100.0999984741211,140.75,92.12999725341797,131.5,47.900001525878906,172.0,255.55999755859375,234.39999389648438,87.1500015258789,86.58000183105469,34.790000915527344
2023-02-24,147.11000061035156,77.75,93.52999877929688,90.06999969482422,131.1199951171875,89.62999725341797,129.6199951171875,44.737998962402344,168.63999938964844,249.9600067138672,232.25,87.30999755859375,83.43000030517578,33.70000076293945
2023-02-27,147.7100067138672,79.63999938964844,94.27999877929688,90.8499984741211,136.1999969482422,90.08999633789062,131.4199981689453,45.5,171.8800048828125,252.4600067138672,236.6999969482422,88.86000061035156,85.75,33.67499923706055
2023-02-28,147.0500030517578,77.87000274658203,93.13999938964844,88.45999908447266,138.2100067138672,89.54000091552734,130.5500030517578,44.275001525878906,171.89999389648438,249.07000732421875,233.72000122070312,87.69999694824219,85.98999786376953,33.75
2023-03-01,146.8300018310547,78.55000305175781,93.87000274658203,92.91999816894531,145.74000549316406,90.16000366210938,128.89999389648438,46.540000915527344,174.58999633789062,250.75999450683594,231.9199981689453,86.9000015258789,92.6500015258789,33.43000030517578
2023-03-02,144.3800048828125,77.56999969482422,91.41000366210938,88.95999908447266,143.5,89.86000061035156,128.38999938964844,45.619998931884766,172.3800048828125,246.5500030517578,224.8800048828125,86.05999755859375,90.66999816894531,32.540000915527344
2023-03-03,148.0399932861328,80.4000015258789,92.73999786376953,90.11000061035156,151.83999633789062,92.73999786376953,129.35000610351562,47.16999816894531,178.9199981689453,252.19000244140625,233.1999969482422,87.31999969482422,94.91999816894531,34.0
2023-03-06,153.7899932861328,82.02999877929688,95.19000244140625,89.58499908447266,150.63999938964844,94.36000061035156,129.63999938964844,47.66999816894531,188.0,256.42999267578125,238.91000366210938,89.41000366210938,94.62000274658203,34.584999084472656
2023-03-07,153.6999969482422,81.06999969482422,94.05999755859375,89.5199966430664,145.38999938964844,95.41999816894531,130.27999877929688,47.36000061035156,189.0,256.29998779296875,236.0,89.58000183105469,93.77999877929688,33.849998474121094
2023-03-08,152.80999755859375,82.79000091552734,93.5999984741211,87.38999938964844,140.9499969482422,94.40499877929688,128.47999572753906,45.5099983215332,182.8699951171875,254.0399932861328,234.8699951171875,88.4000015258789,92.0,34.0099983215332
2023-03-09,153.55999755859375,85.29000091552734,93.68000030517578,85.12000274658203,139.69000244140625,94.48999786376953,128.3000030517578,44.5099983215332,186.35000610351562,255.82000732421875,241.75,88.33000183105469,90.06999969482422,34.40999984741211
2023-03-10,150.2100067138672,84.47000122070312,92.66999816894531,82.63999938964844,131.5,92.5,126.12000274658203,40.880001068115234,181.00999450683594,251.0800018310547,234.08999633789062,84.41000366210938,85.19000244140625,32.0
2023-03-13,147.80999755859375,81.38999938964844,89.97000122070312,83.01000213623047,132.3000030517578,90.56500244140625,125.1500015258789,39.683998107910156,177.9600067138672,247.39999389648438,227.52000427246094,83.31999969482422,84.7300033569336,30.584999084472656
2023-03-14,151.27999877929688,83.66999816894531,93.83000183105469,82.86000061035156,133.5,93.06999969482422,126.48999786376953,39.97999954223633,187.5800018310547,256.75,234.9600067138672,85.93000030517578,92.06999969482422,32.939998626708984
2023-03-15,151.19000244140625,86.7699966430664,93.22000122070312,81.55000305175781,131.80999755859375,93.54000091552734,122.98999786376953,39.380001068115234,192.9499969482422,259.9800109863281,237.61000061035156,83.08000183105469,91.16999816894531,31.829999923706055
2023-03-16,152.16000366210938,89.72000122070312,95.75,81.45999908447266,126.5,96.56999969482422,122.95999908447266,39.06999969482422,198.25999450683594,265.2099914550781,240.27000427246094,82.91999816894531,90.2300033569336,31.59000015258789
2023-03-17,156.0800018310547,96.66000366210938,99.79000091552734,84.0,143.72999572753906,100.83999633789062,124.08000183105469,39.47999954223633,200.55999755859375,278.260009765625,259.82000732421875,85.0,94.80000305175781,32.380001068115234
2023-03-20,155.07000732421875,96.30000305175781,98.41000366210938,80.1500015258789,144.4199981689453,101.05999755859375,124.30999755859375,38.0,198.47999572753906,276.9800109863281,256.1499938964844,85.27999877929688,79.93000030517578,31.600000381469727
2023-03-21,157.32000732421875,97.0,98.13999938964844,82.45999908447266,150.75,101.9800033569336,126.9000015258789,38.619998931884766,203.1999969482422,274.8800048828125,261.79998779296875,87.48999786376953,80.69999694824219,32.33000183105469
2023-03-22,159.3000030517578,95.6500015258789,100.44999694824219,84.83999633789062,150.08999633789062,105.13999938964844,127.0,39.5,202.5,273.3999938964844,264.25,87.54000091552734,80.69999694824219,32.58000183105469
2023-03-23,158.8300018310547,100.05000305175781,100.43000030517578,87.68000030517578,153.02999877929688,105.88999938964844,123.80999755859375,40.29999923706055,202.83999633789062,277.94000244140625,271.1499938964844,88.6500015258789,78.5199966430664,31.8799991607666
2023-03-24,158.86000061035156,99.18000030517578,98.06999969482422,85.87000274658203,154.33999633789062,105.73999786376953,123.36000061035156,39.91999816894531,205.17999267578125,277.239990234375,270.30999755859375,87.9800033569336,75.23999786376953,30.940000534057617
2023-03-27,159.94000244140625,98.0199966430664,99.06999969482422,87.12999725341797,152.60000610351562,105.31999969482422,126.47000122070312,39.34000015258789,204.80999755859375,280.5,268.3699951171875,88.62000274658203,72.25,31.030000686645508
2023-03-28,157.97000122070312,96.7699966430664,98.11000061035156,95.3499984741211,157.00999450683594,103.0,129.17999267578125,41.08000183105469,200.14999389648438,275.7900085449219,264.4700012207031,90.22000122070312,72.87000274658203,30.530000686645508
2023-03-29,159.3699951171875,96.06999969482422,98.69000244140625,97.58999633789062,157.6999969482422,102.72000122070312,130.1199951171875,40.91999816894531,203.55999755859375,278.9599914550781,268.25,90.12999725341797,72.11000061035156,30.6200008392334
2023-03-30,161.52999877929688,98.0,101.55000305175781,101.33999633789062,154.50999450683594,101.44000244140625,130.16000366210938,43.63999938964844,203.3800048828125,284.2300109863281,272.2900085449219,90.8499984741211,74.44000244140625,31.5
2023-03-31,162.44000244140625,96.33999633789062,102.16000366210938,102.86000061035156,151.47999572753906,101.70999908447266,129.47000122070312,44.459999084472656,207.24000549316406,283.7300109863281,271.3999938964844,90.55999755859375,75.0199966430664,31.420000076293945
2023-04-03,164.27000427246094,96.69999694824219,102.30000305175781,100.88999938964844,150.0,102.66999816894531,130.97000122070312,43.27000045776367,208.83999633789062,286.5199890136719,275.0899963378906,92.37999725341797,74.06999969482422,31.5
2023-04-04,166.60000610351562,97.04000091552734,102.75,98.94000244140625,149.58999633789062,104.83999633789062,131.99000549316406,42.130001068115234,213.38999938964844,287.2300109863281,279.6600036621094,93.8499984741211,74.9000015258789,31.940000534057617
2023-04-05,164.74000549316406,94.3499984741211,103.91000366210938,99.23999786376953,148.13999938964844,106.12000274658203,131.3699951171875,41.13999938964844,214.14999389648438,285.8500061035156,268.2900085449219,93.62000274658203,73.13999938964844,30.950000762939453
2023-04-06,162.42999267578125,91.47000122070312,100.75,98.52999877929688,144.63999938964844,105.7699966430664,132.16000366210938,40.5,209.25,283.2099914550781,265.8399963378906,94.33000183105469,72.5,30.93000030517578
2023-04-10,161.4199981689453,91.31999969482422,100.95999908447266,100.62000274658203,140.44000244140625,107.38999938964844,129.8300018310547,39.380001068115234,214.7100067138672,289.2099914550781,268.2300109863281,94.68000030517578,71.0,30.959999084472656
2023-04-11,162.35000610351562,96.05999755859375,100.80000305175781,102.45999908447266,139.88999938964844,106.91999816894531,130.5800018310547,40.540000915527344,215.47999572753906,285.75,277.239990234375,93.45999908447266,72.05000305175781,31.75
2023-04-12,161.22000122070312,94.97000122070312,100.4000015258789,97.81999969482422,136.13999938964844,107.38999938964844,130.39999389648438,39.0099983215332,214.83999633789062,284.7900085449219,273.70001220703125,94.37999725341797,69.16000366210938,31.190000534057617
2023-04-13,161.6300048828125,92.79000091552734,98.94999694824219,95.875,136.5800018310547,106.47000122070312,128.00999450683594,37.66999816894531,215.72999572753906,283.5899963378906,267.3399963378906,94.18000030517578,68.02999877929688,30.834999084472656
2023-04-14,164.58999633789062,91.81999969482422,102.06999969482422,95.62999725341797,131.4600067138672,107.69000244140625,128.4600067138672,37.29999923706055,217.8800048828125,287.0,265.0400085449219,95.5,68.5,31.309999465942383
2023-04-17,165.08999633789062,90.2300033569336,103.16000366210938,96.73999786376953,131.86000061035156,105.43000030517578,128.3000030517578,37.86199951171875,219.7899932861328,289.92999267578125,265.6499938964844,95.63999938964844,69.33999633789062,32.189998626708984
2023-04-18,166.10000610351562,91.61000061035156,103.94999694824219,99.0199966430664,131.9499969482422,107.0,128.13999938964844,38.29999923706055,219.91000366210938,291.57000732421875,275.3299865722656,96.0,69.76000213623047,32.369998931884766
2023-04-19,165.8000030517578,88.51000213623047,101.58000183105469,94.5999984741211,128.0800018310547,104.21499633789062,126.5,36.81999969482422,213.47000122070312,285.989990234375,273.6099853515625,95.58999633789062,68.5999984741211,31.350000381469727
2023-04-20,166.08999633789062,88.83000183105469,103.52999877929688,93.3499984741211,128.0,104.6500015258789,130.14999389648438,36.459999084472656,213.47999572753906,285.25,276.7099914550781,96.0,69.73999786376953,31.520000457763672
2023-04-21,165.0500030517578,89.80000305175781,106.0999984741211,89.95999908447266,125.72000122070312,106.08999633789062,126.0,35.5,210.2100067138672,285.010009765625,269.5199890136719,95.01000213623047,68.69999694824219,31.360000610351562
2023-04-24,165.0,88.11000061035156,107.66000366210938,88.4000015258789,123.5999984741211,106.05000305175781,125.55000305175781,35.290000915527344,213.67999267578125,282.0899963378906,270.1300048828125,95.33999633789062,68.76000213623047,30.68000030517578
2023-04-25,165.19000244140625,86.9000015258789,104.91000366210938,85.31999969482422,119.62999725341797,106.61000061035156,124.9000015258789,33.86000061035156,210.82000732421875,279.510009765625,270.7799987792969,95.13999938964844,64.44999694824219,30.34000015258789
2023-04-26,163.05999755859375,86.51000213623047,105.04000091552734,85.04000091552734,120.44999694824219,105.55999755859375,125.80999755859375,34.959999084472656,212.5,296.70001220703125,270.0199890136719,93.75,66.29000091552734,29.700000762939453
2023-04-27,165.19000244140625,86.41000366210938,108.16000366210938,83.06999969482422,117.11000061035156,105.2300033569336,126.37000274658203,34.33000183105469,239.88999938964844,295.9700012207031,273.6300048828125,94.30999755859375,66.0999984741211,30.06999969482422
2023-04-28,168.49000549316406,87.0199966430664,107.7300033569336,84.18000030517578,118.0,107.80000305175781,126.58000183105469,34.68000030517578,239.00999450683594,304.010009765625,272.25,94.2699966430664,65.4000015258789,29.6200008392334
2023-05-01,169.27999877929688,91.02999877929688,104.94999694824219,84.1500015258789,120.33000183105469,107.72000122070312,126.3499984741211,35.720001220703125,238.6199951171875,306.9700012207031,278.3999938964844,94.80000305175781,67.69000244140625,32.0
2023-05-02,170.08999633789062,89.31999969482422,101.47000122070312,83.1500015258789,119.80999755859375,107.66000366210938,126.30000305175781,35.0099983215332,243.17999267578125,307.760009765625,286.79998779296875,94.93000030517578,67.4000015258789,35.02000045776367
2023-05-03,169.5,83.54000091552734,103.73999786376953,81.30500030517578,116.56999969482422,106.22000122070312,125.45999908447266,34.11000061035156,239.47000122070312,306.6199951171875,278.3999938964844,95.06999969482422,64.20999908447266,36.75
2023-05-04,164.88999938964844,81.56999969482422,104.04000091552734,82.38999938964844,118.33999633789062,106.16000366210938,123.02999877929688,35.20000076293945,236.05999755859375,306.239990234375,276.510009765625,94.9800033569336,63.91999816894531,37.47999954223633
2023-05-05,170.97999572753906,84.98999786376953,104.2699966430664,82.75,122.48999786376953,105.31999969482422,123.11000061035156,35.85499954223633,232.24000549316406,305.7200012207031,278.260009765625,95.0,64.04000091552734,37.47999954223633
2023-05-08,172.47999572753906,89.98999786376953,105.04000091552734,83.62999725341797,125.20999908447266,105.79499816894531,123.76000213623047,35.650001525878906,231.4199981689453,310.1300048828125,285.2200012207031,97.08000183105469,62.869998931884766,37.81999969482422
2023-05-09,173.0500030517578,94.88999938964844,105.4800033569336,80.54499816894531,117.05000305175781,108.77999877929688,121.9000015258789,34.689998626708984,231.4600067138672,308.0,288.989990234375,96.19999694824219,59.79999923706055,38.4900016784668
2023-05-10,173.02000427246094,96.41999816894531,108.0999984741211,82.13999938964844,118.0,108.55000305175781,121.98999786376953,34.56999969482422,236.1699981689453,308.6199951171875,290.04998779296875,96.79000091552734,60.459999084472656,38.599998474121094
2023-05-11,173.85000610351562,98.16000366210938,111.02999877929688,85.43000030517578,119.1500015258789,115.86000061035156,122.0199966430664,36.45000076293945,233.0500030517578,310.1000061035156,288.9599914550781,97.54000091552734,61.040000915527344,38.63999938964844
2023-05-12,173.6199951171875,96.83000183105469,112.16000366210938,86.70999908447266,122.0,117.0,121.41000366210938,36.939998626708984,236.74000549316406,310.54998779296875,285.2900085449219,97.61000061035156,63.84000015258789,38.63999938964844
2023-05-15,173.16000366210938,95.19999694824219,111.1500015258789,87.12999725341797,123.80000305175781,116.48999786376953,123.0,36.220001220703125,236.9199981689453,309.1000061035156,285.0799865722656,97.87000274658203,65.19999694824219,38.34000015258789
2023-05-16,171.99000549316406,97.38999938964844,111.05000305175781,87.11000061035156,125.70999908447266,116.83000183105469,123.3499984741211,37.314998626708984,235.7899932861328,309.8299865722656,288.4100036621094,97.16999816894531,64.73999786376953,37.93000030517578
2023-05-17,171.7100067138672,101.79000091552734,114.88999938964844,88.45999908447266,128.0,120.18000030517578,123.94000244140625,36.904998779296875,238.4499969482422,312.2900085449219,295.8399963378906,98.77999877929688,64.66000366210938,37.72999954223633
2023-05-18,173.0,103.9800033569336,116.69000244140625,90.80999755859375,128.8800048828125,121.55999755859375,125.30000305175781,37.0,241.3000030517578,314.5299987792969,304.1000061035156,99.7699966430664,66.16000366210938,37.97999954223633
2023-05-19,176.38999938964844,106.36000061035156,118.16000366210938,83.8499984741211,124.0,124.19999694824219,126.79000091552734,35.61000061035156,247.47000122070312,316.739990234375,315.3599853515625,102.38999938964844,61.02000045776367,39.25
2023-05-22,173.97999572753906,104.68000030517578,116.7699966430664,85.66999816894531,127.0,123.51000213623047,127.5,35.9900016784668,245.41000366210938,318.6000061035156,309.010009765625,102.4800033569336,61.93000030517578,39.130001068115234
2023-05-23,173.1300048828125,107.25,114.2699966430664,84.16000366210938,123.80999755859375,124.93000030517578,127.23999786376953,35.20000076293945,246.80999755859375,320.0299987792969,310.0,101.06999969482422,61.5,38.9900016784668
2023-05-24,171.08999633789062,105.9800033569336,115.3499984741211,82.16500091552734,119.77999877929688,121.87999725341797,127.81999969482422,34.380001068115234,245.27999877929688,314.7300109863281,302.1000061035156,97.94999694824219,61.95000076293945,38.04999923706055
2023-05-25,172.41000366210938,117.30999755859375,116.62999725341797,80.58999633789062,119.33999633789062,125.20999908447266,125.61000061035156,33.29999923706055,253.39999389648438,323.239990234375,385.2300109863281,99.19999694824219,61.029998779296875,38.47999954223633
2023-05-26,173.32000732421875,122.45999908447266,116.04000091552734,79.9000015258789,122.19999694824219,124.06500244140625,127.05999755859375,33.040000915527344,252.92999267578125,324.0199890136719,378.8999938964844,104.3499984741211,68.5199966430664,38.2400016784668
2023-05-30,176.9600067138672,130.4199981689453,122.37000274658203,80.12000274658203,125.05999755859375,126.29000091552734,129.55999755859375,32.9900016784668,265.25,335.2300109863281,405.95001220703125,104.9000015258789,71.44000244140625,38.72999954223633
2023-05-31,177.3300018310547,122.41999816894531,121.44999694824219,79.58000183105469,121.36000061035156,123.69999694824219,128.50999450683594,32.25,260.0,332.2900085449219,394.8800048828125,104.47000122070312,65.80000305175781,37.25
2023-06-01,177.6999969482422,117.29000091552734,120.69000244140625,79.3499984741211,124.75,123.5,128.44000244140625,33.279998779296875,265.8999938964844,325.92999267578125,384.8900146484375,104.87999725341797,63.86000061035156,37.5
2023-06-02,181.02999877929688,120.75,124.91999816894531,85.08000183105469,134.16000366210938,124.48999786376953,130.3800048828125,35.84000015258789,272.6600036621094,334.25,400.9700012207031,106.5199966430664,71.29000091552734,39.0
2023-06-05,182.6300048828125,116.58999633789062,123.36000061035156,83.98999786376953,131.64999389648438,124.61000061035156,133.1199951171875,35.38999938964844,270.29998779296875,335.2200012207031,389.0899963378906,105.88999938964844,69.12000274658203,39.5
2023-06-06,179.97000122070312,117.91000366210938,125.06999969482422,83.5,132.82000732421875,126.5999984741211,132.42999267578125,36.01499938964844,270.1400146484375,335.3299865722656,388.29998779296875,106.80999755859375,67.77999877929688,40.249000549316406
2023-06-07,178.44000244140625,124.02999877929688,127.01000213623047,85.72000122070312,135.60000610351562,127.57499694824219,132.5,36.849998474121094,271.6700134277344,331.6499938964844,389.1499938964844,107.13999938964844,71.68000030517578,40.2400016784668
2023-06-08,177.89999389648438,118.30000305175781,123.01000213623047,85.16999816894531,133.4199981689453,122.58499908447266,134.69000244140625,37.04999923706055,260.6199951171875,323.94000244140625,377.239990234375,105.66999816894531,72.94000244140625,39.18000030517578
2023-06-09,181.5,123.56999969482422,124.08000183105469,86.05999755859375,136.05999755859375,122.55999755859375,134.36000061035156,37.040000915527344,262.4800109863281,324.989990234375,390.3699951171875,107.69999694824219,75.77999877929688,40.04999923706055
2023-06-12,181.27000427246094,128.52000427246094,124.0199966430664,86.01000213623047,134.88999938964844,123.3949966430664,136.0,36.720001220703125,267.1700134277344,328.5799865722656,392.0,114.33999633789062,76.0,41.2599983215332
2023-06-13,182.8000030517578,132.32000732421875,128.1199951171875,87.95999908447266,140.85000610351562,125.6500015258789,136.50999450683594,37.900001525878906,274.8800048828125,334.4700012207031,401.8599853515625,123.31999969482422,78.69000244140625,41.75
2023-06-14,183.3699951171875,126.52999877929688,126.69999694824219,87.97000122070312,143.1300048828125,123.80000305175781,137.8000030517578,37.96500015258789,271.8900146484375,334.3399963378906,408.239990234375,116.5,77.45999908447266,41.29999923706055
2023-06-15,183.9600067138672,125.38999938964844,125.20999908447266,91.45999908447266,149.2100067138672,123.87999725341797,137.27000427246094,39.59000015258789,272.29998779296875,337.4800109863281,426.0199890136719,121.94999694824219,81.7300033569336,41.02000045776367
2023-06-16,186.72999572753906,125.81999969482422,127.70999908447266,94.0,149.0,126.69999694824219,139.22999572753906,40.66999816894531,284.75,351.32000732421875,434.5,127.13999938964844,81.72000122070312,43.06999969482422
2023-06-20,184.41000366210938,119.08999633789062,124.97000122070312,89.83000183105469,147.0,123.53500366210938,136.36000061035156,38.040000915527344,278.7300109863281,339.30999755859375,429.9800109863281,124.44999694824219,75.56999969482422,42.77000045776367
2023-06-21,184.89999389648438,118.48999786376953,125.63999938964844,87.37999725341797,142.77999877929688,123.23500061035156,135.11000061035156,36.755001068115234,283.5299987792969,336.3699951171875,435.010009765625,121.94999694824219,73.0,42.5
2023-06-22,183.74000549316406,112.23999786376953,125.30999755859375,86.77999877929688,140.5,120.66000366210938,131.67999267578125,36.65999984741211,279.0799865722656,334.1199951171875,422.5299987792969,121.61000061035156,72.68000030517578,42.29999923706055
2023-06-23,185.5500030517578,109.30999755859375,129.11000061035156,85.80999755859375,140.16000366210938,122.04000091552734,130.39999389648438,35.869998931884766,281.510009765625,334.3599853515625,424.6400146484375,119.58999633789062,71.31999969482422,42.59000015258789
2023-06-26,186.8300018310547,110.94999694824219,129.3300018310547,85.31999969482422,139.6300048828125,121.46600341796875,129.38999938964844,34.915000915527344,288.70001220703125,333.7200012207031,424.6099853515625,117.98999786376953,70.23999786376953,43.75
2023-06-27,185.88999938964844,108.56999969482422,128.6300048828125,86.81999969482422,142.5399932861328,117.83999633789062,131.3000030517578,35.779998779296875,282.010009765625,331.8599853515625,407.989990234375,116.56999969482422,71.5,44.689998626708984
2023-06-28,187.92999267578125,108.20999908447266,128.94000244140625,85.75,141.17999267578125,117.95999908447266,132.05999755859375,34.994998931884766,284.82000732421875,334.6600036621094,406.6000061035156,116.77999877929688,71.0,43.5
2023-06-29,189.0800018310547,112.06999969482422,128.77000427246094,83.38999938964844,137.02999877929688,120.08999633789062,131.75,33.81999969482422,284.5,334.7099914550781,415.5799865722656,115.6500015258789,68.2300033569336,44.09000015258789
2023-06-30,191.6300048828125,113.02999877929688,129.47000122070312,83.2300033569336,135.5,121.0999984741211,134.69000244140625,34.189998626708984,284.760009765625,337.75,416.79998779296875,119.83999633789062,69.19000244140625,43.11000061035156
2023-07-03,193.77999877929688,115.16000366210938,130.82000732421875,84.87000274658203,142.14999389648438,120.31999969482422,133.4199981689453,35.099998474121094,286.70001220703125,339.19000244140625,425.1700134277344,118.01000213623047,71.7699966430664,43.16999816894531
2023-07-05,191.57000732421875,116.0999984741211,130.24000549316406,83.9800033569336,141.00999450683594,120.05999755859375,133.32000732421875,35.224998474121094,287.6499938964844,335.0899963378906,421.3500061035156,116.5199966430664,70.88999938964844,42.88999938964844
2023-07-06,189.83999633789062,112.06999969482422,128.25,83.12000274658203,138.83999633789062,120.63999938964844,133.24000549316406,34.33000183105469,295.8900146484375,337.29998779296875,418.44000244140625,114.66999816894531,70.19999694824219,42.9900016784668
2023-07-07,191.41000366210938,114.16000366210938,128.58999633789062,86.76000213623047,141.0,120.88999938964844,131.77999877929688,34.65999984741211,292.17999267578125,339.32000732421875,423.2200012207031,114.83999633789062,68.69999694824219,42.06999969482422
2023-07-10,189.25999450683594,113.0,129.07000732421875,90.05000305175781,140.72000122070312,119.06999969482422,131.75999450683594,35.29999923706055,295.54998779296875,334.6000061035156,426.57000732421875,114.27999877929688,70.0,42.58000183105469
2023-07-11,189.16000366210938,111.66000366210938,127.75,91.0199966430664,143.22999572753906,116.76000213623047,133.66000366210938,35.900001525878906,293.8999938964844,331.05999755859375,424.80999755859375,114.19999694824219,71.5,42.099998474121094
2023-07-12,189.67999267578125,112.88999938964844,130.30999755859375,94.11000061035156,147.44000244140625,119.30000305175781,135.07000732421875,37.34000015258789,301.75,336.6000061035156,430.3299865722656,115.66999816894531,74.6500015258789,45.0
2023-07-13,190.5,115.76000213623047,134.0399932861328,95.02999877929688,150.1300048828125,121.54000091552734,133.50999450683594,38.70000076293945,313.6199951171875,339.55999755859375,445.17999267578125,117.08999633789062,78.12000274658203,45.209999084472656
2023-07-14,190.22999572753906,116.16999816894531,134.05999755859375,95.22000122070312,150.4499969482422,125.12999725341797,133.91000366210938,38.400001525878906,311.7900085449219,347.5899963378906,465.8299865722656,118.18000030517578,79.88999938964844,45.904998779296875
2023-07-17,191.89999389648438,115.94999694824219,134.55999755859375,92.25,149.0,126.05999755859375,133.25999450683594,37.220001220703125,307.5400085449219,345.67999267578125,462.8900146484375,118.8499984741211,77.0999984741211,44.68000030517578
2023-07-18,193.35000610351562,117.55000305175781,132.7100067138672,91.54000091552734,147.1300048828125,124.90499877929688,134.7100067138672,36.702999114990234,310.8800048828125,345.8299865722656,467.010009765625,118.77999877929688,76.93000030517578,45.34000015258789
2023-07-19,193.10000610351562,121.30000305175781,133.38999938964844,93.56999969482422,147.0,124.79000091552734,135.52999877929688,36.91999816894531,313.0299987792969,361.75,474.6400146484375,120.81999969482422,78.06999969482422,47.099998474121094
2023-07-20,195.08999633789062,114.95999908447266,134.07000732421875,91.69000244140625,142.8699951171875,122.12000274658203,137.19000244140625,36.95000076293945,313.5,353.57000732421875,465.07000732421875,117.48999786376953,74.91999816894531,46.06999969482422
2023-07-21,194.10000610351562,110.97000122070312,131.33999633789062,92.88999938964844,144.17999267578125,120.87000274658203,138.2100067138672,37.369998931884766,304.57000732421875,349.1499938964844,457.8800048828125,116.48999786376953,76.36000061035156,46.54999923706055
2023-07-24,193.41000366210938,110.62000274658203,130.30999755859375,92.06999969482422,139.44000244140625,121.9260025024414,139.35000610351562,36.474998474121094,295.7799987792969,345.8500061035156,447.30999755859375,117.94000244140625,75.4000015258789,47.060001373291016
2023-07-25,193.3300018310547,111.13999938964844,129.30999755859375,98.16999816894531,151.0,121.87999725341797,139.4199981689453,39.56999969482422,295.19000244140625,347.1099853515625,449.4100036621094,117.9800033569336,82.0,47.20000076293945
2023-07-26,193.6699981689453,111.91000366210938,126.51000213623047,94.94999694824219,146.77000427246094,130.36000061035156,140.44000244140625,38.18000030517578,301.19000244140625,341.44000244140625,460.2099914550781,117.41999816894531,82.26000213623047,47.04999923706055
2023-07-27,196.02000427246094,111.79000091552734,131.0,97.75,149.9499969482422,131.8000030517578,142.3000030517578,38.869998931884766,325.1199951171875,340.4800109863281,465.19000244140625,117.55000305175781,85.18000030517578,48.0
2023-07-28,194.6699981689453,113.37999725341797,129.69000244140625,98.06999969482422,152.63999938964844,130.97000122070312,143.44000244140625,39.529998779296875,316.8800048828125,333.6700134277344,466.67999267578125,116.68000030517578,88.08999633789062,47.13999938964844
2023-07-31,196.05999755859375,114.16000366210938,133.1999969482422,99.79000091552734,155.44000244140625,133.00999450683594,143.80999755859375,41.08000183105469,323.69000244140625,336.9200134277344,467.5400085449219,116.43000030517578,89.12000274658203,48.849998474121094
2023-08-01,196.24000549316406,114.26000213623047,133.5500030517578,99.87000274658203,154.00999450683594,130.85499572753906,144.25,40.41999816894531,317.5400085449219,335.19000244140625,464.6000061035156,116.91999816894531,87.95999908447266,48.66999816894531
2023-08-02,195.0399932861328,119.48999786376953,130.14999389648438,97.72000122070312,149.0,129.83999633789062,142.77999877929688,39.0099983215332,318.0,333.6300048828125,458.30999755859375,116.91999816894531,87.56999969482422,46.05500030517578
2023-08-03,191.57000732421875,108.94999694824219,127.4800033569336,96.70999908447266,150.10000610351562,128.3699951171875,143.77999877929688,39.130001068115234,309.92999267578125,326.0,438.0,115.23999786376953,86.33999633789062,46.220001220703125
2023-08-04,185.52000427246094,114.4800033569336,141.05999755859375,97.73500061035156,149.8300018310547,129.60000610351562,145.08999633789062,39.880001068115234,314.9599914550781,331.8800048828125,449.8500061035156,115.33999633789062,89.04000091552734,46.0
2023-08-07,182.1300048828125,116.36000061035156,140.99000549316406,97.77999877929688,148.61000061035156,129.50999450683594,145.0,39.68000030517578,313.2300109863281,328.3699951171875,451.1099853515625,115.47000122070312,87.5199966430664,45.0099983215332
2023-08-08,179.69000244140625,114.94000244140625,140.6199951171875,93.51000213623047,142.24000549316406,130.97999572753906,145.6999969482422,37.555999755859375,314.3999938964844,326.9599914550781,448.5299987792969,115.04000091552734,82.4800033569336,44.5
2023-08-09,180.8699951171875,112.88999938964844,139.97000122070312,96.0250015258789,144.25,132.19000244140625,144.94000244140625,38.33000183105469,312.8800048828125,326.4700012207031,442.739990234375,115.33999633789062,85.11000061035156,45.25
2023-08-10,179.47999572753906,111.30000305175781,139.07000732421875,98.30999755859375,146.0,131.97000122070312,143.0399932861328,38.56999969482422,307.94000244140625,326.0199890136719,421.6000061035156,113.77999877929688,86.5999984741211,44.130001068115234
2023-08-11,177.32000732421875,108.8499984741211,137.39999389648438,97.33999633789062,139.02000427246094,129.20199584960938,143.1199951171875,37.099998474121094,302.57000732421875,320.260009765625,417.510009765625,112.38999938964844,81.69999694824219,44.0
2023-08-14,177.97000122070312,106.75,138.3000030517578,94.23999786376953,135.6300048828125,129.85000610351562,143.0500030517578,36.400001525878906,300.9800109863281,321.3900146484375,404.8599853515625,113.18000030517578,81.16999816894531,43.5
2023-08-15,178.8800048828125,111.98999786376953,140.0500030517578,93.0,136.61000061035156,131.58999633789062,141.5,36.20000076293945,306.1400146484375,323.0,445.6000061035156,115.44999694824219,80.69999694824219,44.70000076293945
2023-08-16,177.1300048828125,110.08999633789062,137.19000244140625,89.62999725341797,131.4600067138672,129.27999877929688,141.6999969482422,34.95500183105469,300.20001220703125,320.79998779296875,445.20001220703125,117.16000366210938,77.87999725341797,43.97999954223633
2023-08-17,177.13999938964844,107.62000274658203,135.4600067138672,91.94000244140625,132.1199951171875,130.4499969482422,141.00999450683594,35.52000045776367,293.04998779296875,320.5400085449219,439.70001220703125,115.73999786376953,81.9000015258789,44.18000030517578
2023-08-18,172.3000030517578,102.4000015258789,131.6199951171875,87.77999877929688,126.2300033569336,129.05999755859375,140.0,33.029998779296875,279.0299987792969,314.489990234375,426.3500061035156,114.5,77.1500015258789,43.27000045776367
2023-08-21,175.07000732421875,106.19999694824219,133.74000549316406,87.5999984741211,124.0,127.8499984741211,141.4199981689453,33.0099983215332,283.45001220703125,317.92999267578125,444.94000244140625,116.9000015258789,76.58000183105469,44.97999954223633
2023-08-22,177.05999755859375,109.4000015258789,135.0800018310547,89.27999877929688,129.4199981689453,129.1300048828125,142.66000366210938,33.79999923706055,292.54998779296875,325.5,481.3500061035156,117.51000213623047,79.31999969482422,44.939998626708984
2023-08-23,178.52000427246094,105.6500015258789,134.5,88.37000274658203,129.72000122070312,130.85000610351562,141.72000122070312,33.16999816894531,288.5,323.82000732421875,458.6600036621094,117.0999984741211,78.16000366210938,44.0
2023-08-24,180.6699981689453,111.05999755859375,136.39999389648438,90.48999786376953,135.27999877929688,134.7270050048828,143.50999450683594,33.86000061035156,298.5,332.8500061035156,502.1600036621094,119.68000030517578,79.27999877929688,45.2400016784668
2023-08-25,177.3800048828125,101.16999816894531,132.47000122070312,89.25,134.10000610351562,130.13999938964844,144.17999267578125,33.16999816894531,286.1300048828125,321.4700012207031,470.1199951171875,112.91000366210938,77.9800033569336,44.709999084472656
2023-08-28,180.08999633789062,103.47000122070312,133.77999877929688,91.5,136.0800018310547,132.0800018310547,145.41000366210938,33.689998626708984,288.0,325.6600036621094,464.82000732421875,116.37000274658203,81.5,44.11000061035156
2023-08-29,179.6999969482422,102.11000061035156,133.3800048828125,93.44999694824219,139.1699981689453,132.9980010986328,146.3000030517578,34.599998474121094,288.5799865722656,321.8800048828125,466.6600036621094,120.94999694824219,90.27999877929688,44.209999084472656
2023-08-30,184.94000244140625,105.4000015258789,134.92999267578125,92.55000305175781,139.22000122070312,135.57000732421875,146.4199981689453,33.790000915527344,297.1700134277344,328.6700134277344,490.44000244140625,120.72000122070312,94.58999633789062,45.349998474121094
2023-08-31,187.83999633789062,106.19000244140625,135.05999755859375,92.9800033569336,143.10000610351562,137.0500030517578,146.94000244140625,33.13999938964844,295.79998779296875,329.20001220703125,493.79998779296875,121.0,98.0,46.689998626708984
2023-09-01,189.49000549316406,107.0,139.4600067138672,94.55000305175781,145.4499969482422,138.42999267578125,147.25999450683594,33.849998474121094,299.3699951171875,331.30999755859375,497.6199951171875,121.01000213623047,100.0,47.5099983215332
2023-09-05,188.27999877929688,109.0,137.72999572753906,94.52999877929688,143.74000549316406,136.44000244140625,147.91000366210938,33.71500015258789,297.0199890136719,329.0,482.2300109863281,122.44000244140625,99.33000183105469,46.869998931884766
2023-09-06,188.39999389648438,110.55999755859375,136.32000732421875,94.1500015258789,142.14999389648438,137.01499938964844,147.66000366210938,33.90999984741211,301.7099914550781,333.3800048828125,484.4100036621094,123.05999755859375,100.0,46.34000015258789
2023-09-07,175.17999267578125,106.13999938964844,133.89999389648438,91.63999938964844,137.5500030517578,134.60000610351562,148.1300048828125,32.47999954223633,298.0,331.2900085449219,455.25,123.83000183105469,97.18000030517578,45.5
2023-09-08,178.35000610351562,107.0199966430664,136.86000061035156,89.5999984741211,136.22000122070312,135.8699951171875,147.35000610351562,32.345001220703125,299.2200012207031,330.0899963378906,459.4200134277344,124.80000305175781,95.73999786376953,46.34000015258789
2023-09-11,180.07000732421875,107.31999969482422,138.75,89.7300033569336,139.2100067138672,137.3800048828125,148.57000732421875,32.209999084472656,301.4100036621094,337.239990234375,461.4800109863281,127.0199966430664,97.5,47.7400016784668
2023-09-12,179.49000549316406,104.19999694824219,142.32000732421875,88.19000244140625,138.63999938964844,137.1300048828125,147.9199981689453,31.719999313354492,306.3299865722656,335.82000732421875,447.3800048828125,112.08000183105469,96.01000213623047,48.34000015258789
2023-09-13,176.50999450683594,105.0999984741211,140.9499969482422,87.94000244140625,137.64999389648438,135.89999389648438,145.9499969482422,31.6299991607666,302.3599853515625,331.30999755859375,446.0,108.31999969482422,97.97000122070312,47.5099983215332
2023-09-14,174.0,108.43000030517578,145.0800018310547,88.55000305175781,139.32000732421875,138.38999938964844,147.3800048828125,31.899999618530273,306.739990234375,339.1499938964844,459.5,113.5,99.18000030517578,48.630001068115234
2023-09-15,176.47999572753906,106.06999969482422,142.69000244140625,87.7699966430664,136.1300048828125,138.8000030517578,147.11000061035156,31.780000686645508,311.6099853515625,336.9200134277344,453.4100036621094,114.19000244140625,98.33999633789062,48.189998626708984
2023-09-18,176.47999572753906,100.81999969482422,140.47999572753906,86.1500015258789,134.19000244140625,137.6300048828125,145.77000427246094,31.079999923706055,298.19000244140625,327.79998779296875,427.4800109863281,113.41999816894531,98.93000030517578,47.29999923706055
2023-09-19,177.52000427246094,101.75,138.6999969482422,86.12000274658203,132.72000122070312,138.25,145.0,30.600000381469727,302.4800109863281,326.1700134277344,438.3299865722656,112.4800033569336,98.62000274658203,46.400001525878906
2023-09-20,179.25999450683594,102.36000061035156,138.5500030517578,86.97000122070312,132.38999938964844,138.8300018310547,148.36000061035156,30.31999969482422,305.04998779296875,329.510009765625,436.0,112.80999755859375,97.19000244140625,46.8650016784668
2023-09-21,174.5500030517578,98.5999984741211,131.94000244140625,83.86000061035156,127.2300033569336,132.38999938964844,149.0,29.649999618530273,295.70001220703125,319.260009765625,415.8299865722656,111.51000213623047,91.94000244140625,45.790000915527344
2023-09-22,174.6699981689453,96.91999816894531,131.11000061035156,87.36499786376953,132.2100067138672,131.67999267578125,147.41000366210938,30.954999923706055,299.29998779296875,321.32000732421875,415.7200012207031,109.98999786376953,95.72000122070312,45.15999984741211
2023-09-25,174.1999969482422,95.94999694824219,129.36000061035156,85.87999725341797,130.00999450683594,130.77000427246094,146.57000732421875,29.399999618530273,295.6400146484375,316.5899963378906,415.9100036621094,108.44999694824219,92.88999938964844,44.13999938964844
2023-09-26,174.82000732421875,96.5,130.1199951171875,86.45999908447266,132.05999755859375,130.91400146484375,145.50999450683594,28.950000762939453,297.6600036621094,315.1300048828125,420.010009765625,107.13999938964844,96.0199966430664,44.5
2023-09-27,172.6199951171875,96.81999969482422,125.76000213623047,86.37999725341797,131.1300048828125,129.44000244140625,143.6699981689453,29.100000381469727,300.45001220703125,312.29998779296875,423.29998779296875,105.0,94.25,44.5099983215332
2023-09-28,169.33999633789062,97.94000244140625,124.04000091552734,84.88999938964844,131.38999938964844,130.69000244140625,142.13999938964844,28.3799991607666,298.94000244140625,310.989990234375,424.6000061035156,104.02999877929688,93.88999938964844,44.91999816894531
2023-09-29,172.02000427246094,104.69000244140625,128.1999969482422,87.29000091552734,135.86000061035156,134.0800018310547,142.0,29.299999237060547,307.3800048828125,317.75,438.2699890136719,107.11000061035156,98.08999633789062,46.75
2023-10-02,171.22000122070312,102.20999908447266,127.27999877929688,86.75,133.32000732421875,132.15499877929688,140.0399932861328,29.24799919128418,302.739990234375,316.2799987792969,440.29998779296875,105.80999755859375,98.16000366210938,45.56999969482422
2023-10-03,172.25999450683594,101.80000305175781,128.05999755859375,84.5,131.0,134.92999267578125,140.8699951171875,28.280000686645508,304.260009765625,320.8299865722656,448.0799865722656,106.41999816894531,97.5999984741211,45.36000061035156
2023-10-04,171.08999633789062,100.6500015258789,126.05999755859375,84.2750015258789,127.87999725341797,133.66000366210938,140.3699951171875,28.43000030517578,298.7300109863281,314.0299987792969,437.4200134277344,104.95999908447266,97.75,44.790000915527344
2023-10-05,173.7899932861328,103.41000366210938,126.70999908447266,83.5199966430664,128.0,136.1300048828125,140.89999389648438,28.600000381469727,304.6300048828125,319.0899963378906,440.5,106.97000122070312,97.75,44.84000015258789
2023-10-06,173.8000030517578,102.16000366210938,124.16000366210938,84.25,129.3699951171875,134.94000244140625,141.39999389648438,28.700000762939453,301.44000244140625,316.54998779296875,441.92999267578125,107.93000030517578,99.20999908447266,44.060001373291016
2023-10-09,176.80999755859375,106.01000213623047,126.22000122070312,83.91000366210938,132.00999450683594,137.99000549316406,142.3000030517578,29.09000015258789,312.5,324.75,448.4200134277344,110.75,106.41000366210938,45.150001525878906
2023-10-10,178.10000610351562,107.48999786376953,128.82000732421875,85.66999816894531,133.61000061035156,139.50999450683594,142.60000610351562,29.649999618530273,319.1199951171875,330.9599914550781,453.1000061035156,110.20999908447266,107.41999816894531,45.75
2023-10-11,178.1999969482422,109.13999938964844,129.74000549316406,88.01000213623047,135.4499969482422,139.85000610351562,142.50999450683594,30.459999084472656,323.010009765625,331.2099914550781,461.9599914550781,109.51000213623047,109.75,46.900001525878906
2023-10-12,180.07000732421875,108.4000015258789,132.1699981689453,87.58000183105469,133.6199951171875,142.16000366210938,142.50999450683594,29.950000762939453,328.0,330.57000732421875,467.7699890136719,109.94999694824219,110.69999694824219,46.540000915527344
2023-10-13,181.4199981689453,108.6500015258789,132.97999572753906,84.05999755859375,126.93000030517578,140.64999389648438,139.77000427246094,26.479999542236328,323.5299987792969,332.3800048828125,469.6000061035156,109.19000244140625,104.94000244140625,45.81999969482422
2023-10-16,176.75,105.41999816894531,130.69000244140625,83.69999694824219,123.69000244140625,139.72999572753906,139.27999877929688,26.610000610351562,318.6400146484375,331.04998779296875,450.6300048828125,108.94999694824219,105.91000366210938,43.76499938964844
2023-10-17,176.64999389648438,103.54000091552734,130.38999938964844,82.75,121.37999725341797,140.02999877929688,137.1199951171875,26.959999084472656,318.17999267578125,329.5899963378906,440.0,107.58000183105469,103.94999694824219,44.40999984741211
2023-10-18,175.5800018310547,103.37999725341797,129.89999389648438,82.95999908447266,117.22000122070312,140.75,140.0,26.239999771118164,321.3900146484375,332.489990234375,425.9100036621094,108.4000015258789,104.0,43.900001525878906
2023-10-19,176.0399932861328,103.80999755859375,130.57000732421875,81.4800033569336,111.80000305175781,139.8000030517578,138.63999938964844,24.969999313354492,319.8800048828125,332.1499938964844,428.1099853515625,108.62999725341797,103.5,43.02000045776367
2023-10-20,175.30999755859375,102.27999877929688,128.0500030517578,80.2300033569336,105.94000244140625,138.58999633789062,138.14999389648438,24.510000228881836,314.1400146484375,331.7200012207031,418.8999938964844,106.98999786376953,103.5,42.720001220703125
2023-10-23,170.91000366210938,100.80999755859375,124.62999725341797,79.41999816894531,105.7300033569336,136.22999572753906,136.6300048828125,24.270000457763672,309.5,325.4700012207031,412.2900085449219,102.04000091552734,101.94000244140625,42.529998779296875
2023-10-24,173.0500030517578,100.97000122070312,127.73999786376953,80.44999694824219,107.81999969482422,139.16000366210938,136.74000549316406,24.399999618530273,316.7799987792969,331.29998779296875,430.7699890136719,103.94999694824219,106.6500015258789,43.5
2023-10-25,171.8800048828125,100.41999816894531,126.04000091552734,81.30000305175781,109.19999694824219,129.77000427246094,137.5,24.860000610351562,310.0,345.0199890136719,433.9800109863281,102.69999694824219,106.83999633789062,43.29999923706055
2023-10-26,170.3699951171875,95.98999786376953,120.62999725341797,81.26499938964844,107.86000061035156,124.47000122070312,142.1999969482422,25.209999084472656,295.0,340.5400085449219,418.5299987792969,101.69000244140625,108.44000244140625,42.13999938964844
2023-10-27,166.91000366210938,95.80000305175781,126.19999694824219,83.87000274658203,110.0999984741211,124.02999877929688,143.6199951171875,26.219999313354492,294.4800109863281,330.42999267578125,411.29998779296875,101.0,110.5999984741211,41.209999084472656
2023-10-30,169.02000427246094,96.13999938964844,129.72000122070312,83.62999725341797,109.36000061035156,124.45999908447266,143.19000244140625,26.100000381469727,299.0899963378906,333.4100036621094,410.8699951171875,101.13999938964844,109.5999984741211,42.0099983215332
2023-10-31,169.35000610351562,96.23999786376953,132.75,81.94000244140625,104.94000244140625,126.2699966430664,143.0,25.459999084472656,303.30999755859375,338.8500061035156,404.5,102.01000213623047,103.12000274658203,42.81999969482422
2023-11-01,171.0,98.58000183105469,133.9600067138672,81.70500183105469,104.08000183105469,125.33999633789062,145.0,25.450000762939453,301.8500061035156,339.7900085449219,408.8399963378906,103.80000305175781,101.08999633789062,43.25
2023-11-02,175.52000427246094,107.95999908447266,138.72999572753906,83.6500015258789,107.0,129.55999755859375,145.77000427246094,25.690000534057617,317.29998779296875,347.239990234375,433.2799987792969,106.44999694824219,103.7699966430664,45.349998474121094
2023-11-03,174.24000549316406,109.05000305175781,138.99000549316406,84.94000244140625,109.05999755859375,129.08999633789062,147.4499969482422,26.65999984741211,312.54998779296875,349.6300048828125,440.20001220703125,107.16999816894531,103.5,46.91999816894531
2023-11-06,176.3800048828125,112.5999984741211,138.75999450683594,86.55000305175781,110.36000061035156,130.22000122070312,147.88999938964844,27.34000015258789,315.9800109863281,353.45001220703125,452.8500061035156,108.05999755859375,108.0999984741211,47.939998626708984
2023-11-07,179.17999267578125,111.86000061035156,140.5500030517578,84.86000061035156,108.12999725341797,131.97999572753906,149.02999877929688,26.719999313354492,317.05999755859375,359.3999938964844,457.19000244140625,109.98999786376953,106.5999984741211,47.0
2023-11-08,182.35000610351562,113.55000305175781,142.97000122070312,84.62000274658203,107.56999969482422,132.36000061035156,149.25,26.559999465942383,318.1400146484375,361.67999267578125,461.0,109.2300033569336,107.7300033569336,50.040000915527344
2023-11-09,182.9600067138672,114.0999984741211,142.02000427246094,84.58000183105469,106.86000061035156,133.36000061035156,146.5500030517578,26.260000228881836,319.4200134277344,362.29998779296875,474.6700134277344,112.4000015258789,110.55999755859375,49.29999923706055
2023-11-10,183.97000122070312,114.3499984741211,140.4600067138672,82.41000366210938,104.37000274658203,131.52999877929688,147.44000244140625,25.649999618530273,319.94000244140625,361.489990234375,475.0,112.08999633789062,108.18000030517578,50.0099983215332
2023-11-13,185.82000732421875,118.33999633789062,142.0800018310547,82.75,107.5999984741211,133.36000061035156,148.4600067138672,25.969999313354492,326.20001220703125,368.2200012207031,483.20001220703125,113.06999969482422,110.94000244140625,51.16999816894531
2023-11-14,187.6999969482422,119.69999694824219,145.0,82.76000213623047,108.7699966430664,135.64999389648438,149.4499969482422,26.329999923706055,334.5400085449219,371.010009765625,496.79998779296875,114.86000061035156,109.83999633789062,52.900001525878906
2023-11-15,187.85000610351562,120.54000091552734,147.05999755859375,86.95999908447266,112.5999984741211,136.63999938964844,150.39999389648438,28.520000457763672,337.92999267578125,371.2799987792969,499.3500061035156,116.1500015258789,115.05999755859375,53.91999816894531
2023-11-16,189.57000732421875,117.19999694824219,140.91000366210938,79.5199966430664,108.61000061035156,136.9600067138672,153.0,27.110000610351562,329.3699951171875,370.9599914550781,486.7900085449219,113.76000213623047,110.80999755859375,53.5
2023-11-17,190.25,119.63999938964844,142.66000366210938,77.0199966430664,108.30000305175781,137.82000732421875,153.2899932861328,27.649999618530273,330.260009765625,373.6099853515625,495.239990234375,114.61000061035156,112.83000183105469,54.130001068115234
2023-11-20,189.88999938964844,120.69999694824219,145.1300048828125,76.91000366210938,108.38999938964844,135.5,152.50999450683594,28.15999984741211,334.8900146484375,371.2200012207031,493.1199951171875,115.6500015258789,115.98999786376953,53.83000183105469
2023-11-21,191.41000366210938,120.54000091552734,143.91000366210938,77.8499984741211,111.22000122070312,137.94000244140625,154.60000610351562,28.364999771118164,338.3299865722656,375.6700134277344,501.260009765625,117.20999908447266,116.61000061035156,54.22999954223633
2023-11-22,191.49000549316406,120.0,144.57000732421875,79.27999877929688,115.81999969482422,139.10000610351562,154.5,28.3799991607666,339.2099914550781,378.0,498.5199890136719,116.69999694824219,118.63999938964844,55.099998474121094
2023-11-24,190.8699951171875,122.02999877929688,146.6999969482422,78.2699966430664,121.08000183105469,139.5399932861328,155.1300048828125,28.139999389648438,340.1300048828125,377.3299865722656,484.70001220703125,116.48999786376953,117.9000015258789,55.150001525878906
2023-11-27,189.9199981689453,122.06999969482422,147.52999877929688,77.55500030517578,123.0,137.57000732421875,154.99000549316406,28.459999084472656,336.17999267578125,376.7799987792969,478.0,116.01000213623047,118.69999694824219,55.470001220703125
2023-11-28,189.77999877929688,121.9800033569336,146.97999572753906,76.55999755859375,123.0199966430664,137.6300048828125,155.44000244140625,28.09000015258789,333.3999938964844,378.3500061035156,482.3599853515625,116.0,135.25,55.97999954223633
2023-11-29,190.89999389648438,123.9800033569336,147.85000610351562,75.0,118.11000061035156,138.98500061035156,156.14999389648438,27.43000030517578,339.69000244140625,383.760009765625,483.7900085449219,117.33999633789062,138.72000122070312,56.4900016784668
2023-11-30,189.83999633789062,123.61000061035156,144.75999450683594,74.69999694824219,118.33000183105469,136.39999389648438,156.9499969482422,27.40999984741211,331.8900146484375,378.489990234375,480.239990234375,116.86000061035156,142.44000244140625,56.61000061035156
2023-12-01,190.3300018310547,119.87999725341797,146.0,73.12000274658203,116.19999694824219,133.32000732421875,158.41000366210938,26.90999984741211,325.4800109863281,376.760009765625,465.25,116.06999969482422,143.32000732421875,56.66999816894531
2023-12-04,189.97999572753906,119.75,145.25,72.66999816894531,114.7699966430664,131.29400634765625,160.2899932861328,26.68000030517578,317.2900085449219,369.1000061035156,460.7699890136719,116.2699966430664,141.35000610351562,60.0099983215332
2023-12-05,190.2100067138672,117.43000030517578,143.5500030517578,72.04000091552734,111.87999725341797,130.3699951171875,160.75999450683594,26.010000228881836,318.9800109863281,366.45001220703125,454.6600036621094,114.56999969482422,138.66000366210938,58.0099983215332
2023-12-06,194.4499969482422,120.69000244140625,147.5800018310547,72.36000061035156,115.25,132.89999389648438,161.58999633789062,26.5,321.92999267578125,373.5400085449219,472.1499938964844,114.94000244140625,143.8699951171875,58.369998931884766
2023-12-07,193.6300048828125,120.79000091552734,146.14999389648438,71.54499816894531,114.41000366210938,136.60000610351562,161.0,26.799999237060547,317.7699890136719,368.2300109863281,457.0,112.41000366210938,141.99000549316406,59.66999816894531
2023-12-08,194.1999969482422,129.5399932861328,145.47999572753906,72.0199966430664,114.45999908447266,135.66000366210938,160.0,26.790000915527344,323.0899963378906,369.20001220703125,465.95001220703125,112.01000213623047,138.5,60.5099983215332
2023-12-11,193.11000061035156,130.55999755859375,145.66000366210938,70.48999786376953,111.2699966430664,133.82000732421875,162.67999267578125,25.299999237060547,329.3999938964844,368.4800109863281,474.9100036621094,113.7699966430664,138.72999572753906,61.529998779296875
2023-12-12,193.0800018310547,132.25,145.52000427246094,71.37999725341797,113.4800033569336,133.27000427246094,163.27000427246094,25.579999923706055,324.6000061035156,370.8500061035156,460.4599914550781,102.69999694824219,143.1999969482422,62.064998626708984
2023-12-13,195.08999633789062,137.97000122070312,148.1199951171875,70.91000366210938,112.66000366210938,134.5449981689453,164.3699951171875,25.0,333.92999267578125,376.0199890136719,476.2900085449219,101.08000183105469,145.69000244140625,62.709999084472656
2023-12-14,198.02000427246094,138.88999938964844,149.92999267578125,71.47000122070312,111.25,134.77000427246094,162.92999267578125,25.489999771118164,333.8500061035156,373.30999755859375,483.8999938964844,101.87000274658203,146.2100067138672,62.0099983215332
2023-12-15,197.52999877929688,139.52000427246094,148.3800048828125,74.0,115.93000030517578,132.9199981689453,162.3000030517578,27.59000015258789,331.989990234375,366.8500061035156,481.94000244140625,99.69000244140625,147.27000427246094,62.15999984741211
2023-12-18,196.08999633789062,139.14999389648438,150.55999755859375,74.05000305175781,112.6500015258789,133.86000061035156,162.22999572753906,26.690000534057617,337.4800109863281,369.45001220703125,494.0,103.41000366210938,147.25,62.0099983215332
2023-12-19,196.16000366210938,138.57000732421875,154.39999389648438,74.4000015258789,112.26000213623047,138.0,161.8000030517578,26.770000457763672,345.5799865722656,371.489990234375,494.239990234375,104.9800033569336,148.0,61.880001068115234
2023-12-20,196.89999389648438,139.0,152.89999389648438,74.58000183105469,113.29000091552734,140.3300018310547,161.2899932861328,27.020000457763672,348.6499938964844,375.0,496.54998779296875,105.94999694824219,147.75999450683594,61.4900016784668
2023-12-21,196.10000610351562,138.13999938964844,153.3000030517578,74.86000061035156,114.19000244140625,140.77000427246094,160.58999633789062,27.06999969482422,352.9800109863281,372.55999755859375,488.1099853515625,104.69999694824219,147.41000366210938,61.2400016784668
2023-12-22,195.17999267578125,140.47999572753906,153.77000427246094,74.5,114.12999725341797,142.1300048828125,161.10000610351562,27.3799991607666,355.5799865722656,373.67999267578125,491.95001220703125,105.69999694824219,140.99000549316406,61.70000076293945
2023-12-26,193.61000061035156,140.07000732421875,153.55999755859375,76.16000366210938,115.94000244140625,142.97999572753906,162.22999572753906,27.81999969482422,354.989990234375,375.0,489.67999267578125,106.5199966430664,146.77999877929688,61.709999084472656
2023-12-27,192.49000549316406,144.72000122070312,153.55999755859375,76.27999877929688,114.93000030517578,142.8300018310547,163.13999938964844,27.56999969482422,356.07000732421875,373.69000244140625,495.1099853515625,106.31999969482422,146.08999633789062,62.0
2023-12-28,194.13999938964844,146.8000030517578,153.72000122070312,77.2300033569336,117.0,141.85000610351562,163.9600067138672,28.56999969482422,359.70001220703125,375.3699951171875,496.42999267578125,106.01000213623047,146.0,63.45000076293945
2023-12-29,193.89999389648438,149.5,153.10000610351562,77.05999755859375,119.0,140.67999267578125,163.75,28.6200008392334,358.989990234375,376.0,498.1300048828125,106.5999984741211,145.1999969482422,62.36000061035156
