Date,AAPL,AMZN,BABA,BIDU,GOOG,IBM,JD,META,MSFT,ORCL,PDD,UBER
2023-01-03,124.21630859375,85.81999969482422,90.75994873046875,119.12999725341797,89.69999694824219,133.6342010498047,56.78586959838867,124.6077880859375,237.0360107421875,82.14887237548828,84.52999877929688,25.360000610351562
2023-01-04,125.49749755859375,85.13999938964844,102.54156494140625,131.75999450683594,88.70999908447266,134.62548828125,65.1205062866211,127.2350082397461,226.66729736328125,82.89460754394531,91.05999755859375,25.90999984741211
2023-01-05,124.1666488647461,83.12000274658203,103.19281768798828,132.52999877929688,86.7699966430664,133.21881103515625,64.92346954345703,126.80545806884766,219.94937133789062,82.72779846191406,95.43000030517578,25.549999237060547
2023-01-06,128.7352294921875,86.08000183105469,105.97541046142578,133.05999755859375,88.16000366210938,135.66395568847656,63.34718322753906,129.8822021484375,222.54156494140625,84.0524673461914,95.95999908447266,26.399999618530273
2023-01-09,129.2615966796875,87.36000061035156,109.35991668701172,133.38999938964844,88.80000305175781,135.52236938476562,62.19451904296875,129.33277893066406,224.7082977294922,85.11616516113281,95.5199966430664,27.399999618530273
2023-01-10,129.837646484375,89.87000274658203,113.35618591308594,134.75,89.23999786376953,136.7024383544922,62.70681381225586,132.8490447998047,226.41993713378906,85.19496154785156,94.08999633789062,28.040000915527344
2023-01-11,132.57882690429688,95.08999633789062,113.49433135986328,138.6199951171875,92.26000213623047,137.13671875,62.10585021972656,132.7491455078125,233.26646423339844,87.2632827758789,93.0199966430664,28.350000381469727
2023-01-12,132.49937438964844,95.2699966430664,111.64913940429688,136.52000427246094,91.91000366210938,137.41050720214844,62.23392105102539,136.5651092529297,235.97735595703125,87.44055938720703,93.45999908447266,29.030000686645508
2023-01-13,133.84014892578125,98.12000274658203,115.45793914794922,138.97999572753906,92.80000305175781,137.73150634765625,62.65755081176758,136.83480834960938,236.68972778320312,87.8542251586914,97.0,29.440000534057617
2023-01-17,135.01210021972656,96.05000305175781,113.66207885742188,130.6199951171875,92.16000366210938,137.0706329345703,59.07149124145508,135.21653747558594,237.79783630371094,87.2632827758789,94.8499984741211,29.200000762939453
2023-01-18,134.28709411621094,95.45999908447266,111.71820831298828,125.91999816894531,91.77999877929688,132.55795288085938,57.652828216552734,132.87901306152344,233.3060302734375,85.40180206298828,89.55000305175781,28.959999084472656
2023-01-19,134.3466796875,93.68000030517578,115.03364562988281,128.17999267578125,93.91000366210938,132.75619506835938,58.53948974609375,136.0056915283203,229.46722412109375,84.64341735839844,90.22000122070312,29.030000686645508
2023-01-20,136.9289093017578,97.25,118.27013397216797,135.75,99.27999877929688,133.3037567138672,59.53452682495117,139.22227478027344,237.66920471191406,85.93365478515625,92.83999633789062,30.360000610351562
2023-01-23,140.1468048095703,97.5199966430664,117.94451141357422,136.33999633789062,101.20999908447266,133.92686462402344,60.15519332885742,143.11814880371094,240.004150390625,87.62769317626953,95.30000305175781,30.530000686645508
2023-01-24,141.55711364746094,96.31999969482422,117.85570526123047,132.7899932861328,99.20999908447266,133.5775604248047,60.70689010620117,142.98828125,239.4698944091797,88.3466796875,96.30999755859375,29.93000030517578
2023-01-25,140.89170837402344,97.18000030517578,118.65496063232422,134.22999572753906,96.7300033569336,132.8883819580078,60.47045135498047,141.3500213623047,238.05506896972656,88.28759002685547,96.48999786376953,30.290000915527344
2023-01-26,142.9773712158203,99.22000122070312,118.97071838378906,138.42999267578125,99.16000366210938,126.9312515258789,62.17481231689453,147.1438751220703,245.3665771484375,88.47472381591797,104.66000366210938,30.020000457763672
2023-01-27,144.9339141845703,102.23999786376953,116.80976104736328,139.0399932861328,100.70999908447266,126.8746109008789,62.79547882080078,151.5791778564453,245.52488708496094,87.64739227294922,104.68000030517578,30.360000610351562
2023-01-30,142.02392578125,100.55000305175781,109.7249984741211,138.47999572753906,97.94999694824219,127.73370361328125,58.94342041015625,146.9041290283203,240.1327667236328,86.03214263916016,97.1500015258789,29.6299991607666
2023-01-31,143.3050994873047,103.12999725341797,108.73826599121094,134.67999267578125,99.87000274658203,127.1955795288086,58.64786148071289,148.81210327148438,245.17860412597656,87.12539672851562,97.9800033569336,30.93000030517578
2023-02-01,144.43731689453125,105.1500015258789,111.32351684570312,152.25,101.43000030517578,127.53545379638672,59.57393264770508,152.95770263671875,250.06613159179688,88.69140625,102.9800033569336,31.489999771118164
2023-02-02,149.7905731201172,112.91000366210938,108.28437042236328,151.2899932861328,108.80000305175781,128.7627410888672,58.43112564086914,188.56993103027344,261.7903137207031,88.03150939941406,99.61000061035156,33.04999923706055
2023-02-03,153.44541931152344,103.38999938964844,104.91960144042969,143.05999755859375,105.22000122070312,129.28199768066406,56.77602005004883,186.33229064941406,255.606689453125,88.26789855957031,95.6500015258789,33.09000015258789
2023-02-06,150.69430541992188,102.18000030517578,104.05126953125,142.82000732421875,103.47000122070312,128.56451416015625,55.88935470581055,185.86279296875,254.04342651367188,87.19434356689453,93.80999755859375,33.900001525878906
2023-02-07,153.59437561035156,102.11000061035156,104.1006088256836,160.22000122070312,108.04000091552734,128.2435302734375,56.2440185546875,191.41690063476562,264.7188720703125,86.416259765625,94.44999694824219,34.900001525878906
2023-02-08,150.8830108642578,100.05000305175781,103.71578216552734,152.33999633789062,100.0,128.37570190429688,54.52980041503906,183.23558044433594,263.897705078125,85.38209533691406,92.43000030517578,36.83000183105469
2023-02-09,149.84017944335938,98.23999786376953,107.02134704589844,148.07000732421875,95.45999908447266,127.82139587402344,54.62832260131836,177.73143005371094,260.82073974609375,85.34269714355469,93.87999725341797,35.88999938964844
2023-02-10,150.20822143554688,97.61000061035156,102.27515411376953,138.99000549316406,94.86000061035156,129.5894012451172,51.5151481628418,173.9654083251953,260.3062744140625,85.8253173828125,92.44999694824219,34.29999923706055
2023-02-13,153.0331573486328,99.54000091552734,103.40003204345703,146.86000061035156,95.0,131.26182556152344,51.653072357177734,179.2398223876953,268.43896484375,88.07090759277344,96.0999984741211,33.439998626708984
2023-02-14,152.38661193847656,99.69999694824219,102.83759307861328,149.07000732421875,94.94999694824219,129.981201171875,51.54470443725586,179.28976440429688,269.2799987792969,87.74588775634766,95.88999938964844,35.22999954223633
2023-02-15,154.5052947998047,101.16000366210938,101.71271514892578,152.0399932861328,97.0999984741211,130.35394287109375,51.45603561401367,176.97222900390625,267.12762451171875,87.00720977783203,94.45999908447266,36.22999954223633
2023-02-16,152.89389038085938,98.1500015258789,101.7423095703125,149.00999450683594,95.77999877929688,129.0159912109375,53.29832458496094,172.25723266601562,260.0159912109375,86.39656066894531,96.79000091552734,36.220001220703125
2023-02-17,151.7400665283203,97.19999694824219,98.68343353271484,141.7100067138672,94.58999633789062,129.0351104736328,52.23432922363281,172.69677734375,255.95924377441406,85.96320343017578,93.41999816894531,34.77000045776367
2023-02-21,147.69166564941406,94.58000183105469,93.83855438232422,140.82000732421875,92.05000305175781,125.871826171875,46.47101593017578,171.89761352539062,250.61314392089844,84.89949035644531,84.51000213623047,34.20000076293945
2023-02-22,148.11936950683594,95.79000091552734,93.5228042602539,137.1199951171875,91.80000305175781,125.16462707519531,45.84049987792969,170.93862915039062,249.46258544921875,85.01768493652344,83.41999816894531,34.540000915527344
2023-02-23,148.60678100585938,95.81999969482422,92.9110336303711,137.94000244140625,91.06999969482422,124.99259185791016,45.95872497558594,171.85765075683594,252.69606018066406,87.24358367919922,86.11000061035156,34.470001220703125
2023-02-24,145.93106079101562,93.5,87.81947326660156,132.50999450683594,89.3499984741211,124.78235626220703,44.13613510131836,170.20941162109375,247.1912384033203,87.3223876953125,83.72000122070312,33.400001525878906
2023-02-27,147.1346435546875,93.76000213623047,88.06615447998047,139.36000061035156,90.0999984741211,124.7059097290039,44.0770263671875,169.3603057861328,248.1235809326172,86.6329345703125,86.0,33.54999923706055
2023-02-28,146.62734985351562,94.2300033569336,86.62552642822266,137.69000244140625,90.30000305175781,123.56864929199219,43.781471252441406,174.7545928955078,247.3896026611328,86.08139038085938,87.7300033569336,33.2599983215332
2023-03-01,144.53851318359375,92.16999816894531,88.75686645507812,143.66000366210938,90.51000213623047,122.50785064697266,45.0523567199707,173.23619079589844,244.26524353027344,85.0373764038086,91.04000091552734,32.9900016784668
2023-03-02,145.1353302001953,92.12999725341797,88.55952453613281,150.22999572753906,92.30999755859375,123.21504211425781,46.37249755859375,174.3450164794922,249.0658416748047,85.65787506103516,95.76000213623047,33.689998626708984
2023-03-03,150.22813415527344,94.9000015258789,88.51018524169922,153.4600067138672,94.0199966430664,123.89356994628906,46.756717681884766,185.05364990234375,253.21180725097656,87.90347290039062,95.69000244140625,34.56999969482422
2023-03-06,153.01327514648438,93.75,88.4312515258789,149.50999450683594,95.58000183105469,124.41919708251953,47.209903717041016,184.7040252685547,254.77894592285156,88.38607788085938,93.77999877929688,33.880001068115234
2023-03-07,150.7951202392578,93.55000305175781,87.55305480957031,142.63999938964844,94.16999816894531,122.56519317626953,45.87990951538086,184.31443786621094,252.08108520507812,87.02690887451172,93.66999816894531,34.13999938964844
2023-03-08,152.05836486816406,93.91999816894531,85.79666137695312,142.10000610351562,94.6500015258789,122.37406158447266,46.28383255004883,184.77395629882812,251.63475036621094,87.15495300292969,93.02999877929688,34.0099983215332
2023-03-09,149.79046630859375,92.25,82.26415252685547,131.4600067138672,92.66000366210938,120.56783294677734,41.06237030029297,181.4974365234375,250.26602172851562,85.55938720703125,85.6500015258789,32.31999969482422
2023-03-10,147.7115478515625,90.7300033569336,81.85958862304688,132.4199981689453,91.01000213623047,119.88929748535156,39.87030029296875,179.31973266601562,246.5663604736328,82.8016357421875,85.7300033569336,31.110000610351562
2023-03-13,149.67111206054688,92.43000030517578,81.80038452148438,133.64999389648438,91.66000366210938,120.0135498046875,39.5156364440918,180.70826721191406,251.8529815673828,83.64865112304688,91.16999816894531,30.81999969482422
2023-03-14,151.77984619140625,94.87999725341797,82.73778533935547,136.6999969482422,94.25,119.12477111816406,39.84074401855469,193.81436157226562,258.66705322265625,83.28422546386719,92.7300033569336,32.36000061035156
2023-03-15,152.17771911621094,96.19999694824219,80.42882537841797,133.10000610351562,96.55000305175781,117.81548309326172,38.75704574584961,197.5404052734375,263.2791748046875,81.72808074951172,91.20999908447266,31.969999313354492
2023-03-16,155.0225372314453,100.04000091552734,81.12940216064453,138.16000366210938,101.06999969482422,119.17254638671875,39.20037841796875,204.71278381347656,273.9516296386719,83.54031372070312,94.5199966430664,32.72999954223633
2023-03-17,154.1770477294922,98.94999694824219,80.58670043945312,146.83999633789062,102.45999908447266,118.20731353759766,38.25460433959961,195.40267944335938,277.1553039550781,83.97367858886719,91.94000244140625,31.780000686645508
2023-03-20,156.56430053710938,97.70999908447266,79.92559051513672,150.17999267578125,101.93000030517578,120.35758972167969,38.087120056152344,197.600341796875,270.013916015625,85.64802551269531,78.91000366210938,31.93000030517578
2023-03-21,158.434326171875,100.61000061035156,82.58976745605469,151.75,105.83999633789062,120.95965576171875,38.95408248901367,201.94573974609375,271.55133056640625,86.25867462158203,78.93000030517578,32.86000061035156
2023-03-22,156.9920196533203,98.69999694824219,82.54043579101562,148.66000366210938,104.22000122070312,118.5513687133789,37.92949295043945,199.5982208251953,270.0734558105469,86.5738525390625,75.58000183105469,31.520000457763672
2023-03-23,158.086181640625,98.70999908447266,85.37236785888672,150.91000366210938,106.26000213623047,117.90150451660156,39.476226806640625,204.06349182128906,275.3996887207031,86.45565795898438,77.44999694824219,31.18000030517578
2023-03-24,159.399169921875,98.12999725341797,85.74732971191406,156.27000427246094,106.05999755859375,119.73638916015625,39.692970275878906,205.79164123535156,278.2860412597656,86.68218994140625,73.95999908447266,30.75
2023-03-27,157.4396209716797,98.04000091552734,84.97767639160156,152.72999572753906,103.05999755859375,123.57820129394531,39.19052505493164,202.62501525878906,274.130126953125,88.78004455566406,71.68000030517578,30.6200008392334
2023-03-28,156.81295776367188,97.23999786376953,97.09478759765625,159.9600067138672,101.36000061035156,123.60687255859375,40.934295654296875,200.46730041503906,272.989501953125,88.49442291259766,72.83999633789062,30.06999969482422
2023-03-29,159.91641235351562,100.25,98.59461975097656,157.9499969482422,101.9000015258789,123.96047973632812,40.56977844238281,205.13235473632812,278.22650146484375,89.2528076171875,72.86000061035156,30.8700008392334
2023-03-30,161.4979705810547,102.0,102.00872802734375,153.82000732421875,101.31999969482422,123.49220275878906,43.7420654296875,207.6197052001953,281.7376708984375,89.14447021484375,76.44000244140625,31.190000534057617
2023-03-31,164.02447509765625,103.29000091552734,100.82464599609375,150.9199981689453,104.0,125.27930450439453,43.239620208740234,211.71536254882812,285.9530944824219,91.51810455322266,75.9000015258789,31.700000762939453
2023-04-03,165.28775024414062,102.41000366210938,97.08492279052734,149.19000244140625,104.91000366210938,126.20630645751953,41.77170181274414,212.84417724609375,284.8918151855469,92.50302124023438,74.83999633789062,31.459999084472656
2023-04-04,164.75062561035156,103.94999694824219,99.38401794433594,148.57000732421875,105.12000274658203,125.76670837402344,41.220001220703125,214.49241638183594,284.84222412109375,92.5818099975586,73.19999694824219,31.389999389648438
2023-04-05,162.89053344726562,101.0999984741211,97.2427978515625,144.5399932861328,104.94999694824219,126.28276824951172,40.5,211.25584411621094,282.02532958984375,93.45838165283203,72.31999969482422,31.1200008392334
2023-04-06,163.78578186035156,102.05999755859375,101.3772201538086,144.99000549316406,108.9000015258789,124.71546173095703,40.7599983215332,215.87095642089844,289.2262268066406,94.47283935546875,72.02999877929688,31.18000030517578
2023-04-10,161.1697235107422,102.16999816894531,100.1931381225586,139.0,106.94999694824219,125.22196960449219,39.970001220703125,214.5223846435547,287.0342102050781,92.73213958740234,71.30999755859375,31.739999771118164
2023-04-11,159.94625854492188,99.91999816894531,98.43675231933594,136.69000244140625,106.12000274658203,124.63900756835938,40.0099983215332,213.62335205078125,280.5276184082031,92.9398422241211,70.70999908447266,31.1200008392334
2023-04-12,159.25,97.83000183105469,92.59526824951172,136.39999389648438,105.22000122070312,122.84232330322266,36.95000076293945,213.77317810058594,281.1822509765625,92.87061309814453,67.0199966430664,30.59000015258789
2023-04-13,164.68096923828125,102.4000015258789,94.89436340332031,132.72999572753906,108.19000244140625,122.23070526123047,37.45000076293945,220.116455078125,287.48052978515625,94.50251770019531,68.52999877929688,31.440000534057617
2023-04-14,164.3328399658203,102.51000213623047,93.29586029052734,128.75,109.45999908447266,122.46006774902344,36.849998474121094,221.2552490234375,283.8106994628906,94.66075897216797,67.68000030517578,31.479999542236328
2023-04-17,164.3527374267578,102.73999786376953,95.14105224609375,131.5399932861328,106.41999816894531,122.15425109863281,38.04999923706055,218.62803649902344,286.4490051269531,94.54207611083984,68.94999694824219,32.08000183105469
2023-04-18,165.58616638183594,102.30000305175781,94.22338104248047,131.17999267578125,105.12000274658203,122.11602020263672,37.72999954223633,217.6590576171875,286.02252197265625,95.41243743896484,70.26000213623047,31.729999542236328
2023-04-19,166.739990234375,104.30000305175781,92.24991607666016,128.14999389648438,105.0199966430664,120.72074127197266,37.099998474121094,215.47137451171875,286.10186767578125,94.75965881347656,70.08999633789062,32.040000915527344
2023-04-20,165.7652130126953,103.80999755859375,89.53639221191406,127.44000244140625,105.9000015258789,120.75897216796875,36.189998626708984,212.84417724609375,283.7808837890625,93.79041290283203,69.69000244140625,31.5
2023-04-21,164.14385986328125,106.95999908447266,87.94774627685547,124.95999908447266,105.91000366210938,120.15689086914062,35.630001068115234,212.6643524169922,283.4338073730469,94.10690307617188,69.2300033569336,30.829999923706055
2023-04-24,164.45220947265625,106.20999908447266,85.73745727539062,122.62000274658203,106.77999877929688,119.84152221679688,34.68000030517578,212.564453125,279.47625732421875,94.39372253417969,66.75,30.68000030517578
2023-04-25,162.90048217773438,102.56999969482422,81.82011413574219,116.94000244140625,104.61000061035156,120.30979919433594,33.70000076293945,207.33001708984375,273.1780090332031,93.02884674072266,64.58000183105469,29.59000015258789
2023-04-26,162.89053344726562,104.9800033569336,81.72144317626953,117.06999969482422,104.44999694824219,120.27157592773438,34.22999954223633,209.1780548095703,292.96551513671875,92.68268585205078,65.1500015258789,29.68000030517578
2023-04-27,167.51585388183594,109.81999969482422,83.34956359863281,118.45999908447266,108.37000274658203,121.34192657470703,34.75,238.30714416503906,302.3485107421875,93.99810791015625,66.12000274658203,29.700000762939453
2023-04-28,168.77911376953125,105.44999694824219,83.56664276123047,120.61000061035156,108.22000122070312,120.80675506591797,35.720001220703125,240.06529235839844,304.7587585449219,93.6816177368164,68.1500015258789,31.049999237060547
2023-05-01,168.68959045410156,102.05000305175781,83.0436782836914,121.27999877929688,107.70999908447266,120.50093078613281,35.4900016784668,242.9222412109375,303.07257080078125,93.82997131347656,68.58999633789062,32.7400016784668
2023-05-02,167.64515686035156,103.62999725341797,80.44855499267578,117.52999877929688,105.9800033569336,119.6121597290039,34.22999954223633,238.98643493652344,302.9237976074219,93.7607421875,64.19000244140625,36.52000045776367
2023-05-03,166.56094360351562,103.6500015258789,80.39922332763672,116.69000244140625,106.12000274658203,117.97795104980469,34.68000030517578,236.77877807617188,301.9220275878906,93.74095916748047,63.52000045776367,37.84000015258789
2023-05-04,164.9097442626953,104.0,81.39582061767578,121.3499984741211,105.20999908447266,117.136962890625,35.779998779296875,233.27249145507812,302.9237976074219,93.92887115478516,64.13999938964844,37.4900016784668
2023-05-05,172.64845275878906,105.66000366210938,82.11614227294922,123.44999694824219,106.21499633789062,118.16909790039062,35.880001068115234,232.5332794189453,308.1211853027344,95.90695190429688,63.060001373291016,37.75
2023-05-08,172.57882690429688,105.83000183105469,82.20494079589844,122.48999786376953,108.23999786376953,117.93017578125,35.900001525878906,233.02276611328125,306.1374206542969,95.72891998291016,61.959999084472656,38.83000183105469
2023-05-09,170.85801696777344,106.62000274658203,81.12940216064453,119.4800033569336,107.94000244140625,117.37800598144531,35.619998931884766,233.12265014648438,304.5008544921875,95.08604431152344,61.40999984741211,38.189998626708984
2023-05-10,172.6385040283203,110.19000244140625,81.84971618652344,118.9000015258789,112.27999877929688,118.20140075683594,35.099998474121094,232.8329620361328,309.76763916015625,96.45091247558594,60.880001068115234,38.790000915527344
2023-05-11,172.82749938964844,112.18000030517578,86.72419738769531,124.16999816894531,116.9000015258789,117.11646270751953,37.630001068115234,235.5400848388672,307.5855407714844,96.37179565429688,65.16999816894531,38.41999816894531
2023-05-12,171.8911895751953,110.26000213623047,84.20801544189453,120.06999969482422,117.91999816894531,118.99574279785156,35.29999923706055,233.5621795654297,306.454833984375,96.77730560302734,63.31999969482422,38.45000076293945
2023-05-15,171.39317321777344,111.19999694824219,87.16822052001953,127.61000061035156,116.95999908447266,119.49947357177734,37.66999816894531,238.60684204101562,306.9408264160156,96.19377136230469,66.06999969482422,38.13999938964844
2023-05-16,171.39317321777344,113.4000015258789,87.58265686035156,132.67999267578125,120.08999633789062,119.59634399414062,37.91999816894531,238.56687927246094,309.2022705078125,97.17292022705078,66.01000213623047,37.439998626708984
2023-05-17,172.01072692871094,115.5,89.47718811035156,130.52000427246094,121.4800033569336,121.77593231201172,37.34000015258789,242.2329864501953,312.1247253417969,98.6762466430664,66.44999694824219,37.84000015258789
2023-05-18,174.36143493652344,118.1500015258789,84.63230895996094,124.73999786376953,123.5199966430664,122.20216369628906,35.79999923706055,246.58837890625,316.6177062988281,101.21807861328125,61.599998474121094,39.25
2023-05-19,174.4710235595703,116.25,82.8660659790039,124.27999877929688,123.25,123.27742004394531,35.060001373291016,245.37965393066406,316.43878173828125,101.71259307861328,60.529998779296875,39.18000030517578
2023-05-22,173.51478576660156,115.01000213623047,84.95793914794922,125.94999694824219,125.87000274658203,123.50991821289062,35.9900016784668,248.0568084716797,319.2618713378906,100.6543197631836,63.040000915527344,39.16999816894531
2023-05-23,170.8851776123047,114.98999786376953,81.78064727783203,121.55999755859375,123.29000091552734,124.16862487792969,35.040000915527344,246.47848510742188,313.377197265625,97.4597396850586,61.93000030517578,38.65999984741211
2023-05-24,171.1640625,116.75,80.13279724121094,119.11000061035156,121.63999938964844,121.74687194824219,33.880001068115234,248.9458770751953,311.9756164550781,97.24214935302734,60.939998626708984,37.959999084472656
2023-05-25,172.30953979492188,115.0,77.73503112792969,118.66999816894531,124.3499984741211,122.7930679321289,32.439998626708984,252.42218017578125,323.9735412597656,103.1467056274414,60.02000045776367,37.95000076293945
2023-05-26,174.7399444580078,120.11000061035156,79.89598846435547,126.08000183105469,125.43000030517578,124.85641479492188,33.099998474121094,261.76226806640625,330.90191650390625,102.93900299072266,71.41999816894531,38.45000076293945
2023-05-30,176.6025848388672,121.66000366210938,77.6264877319336,123.62000274658203,124.63999938964844,125.4279556274414,32.099998474121094,262.24176025390625,329.23193359375,103.99727630615234,67.62999725341797,37.560001373291016
2023-05-31,176.55279541015625,120.58000183105469,78.49481964111328,122.8499984741211,123.37000274658203,124.5657958984375,32.599998474121094,264.4394226074219,326.4288024902344,104.77861785888672,65.31999969482422,37.93000030517578
2023-06-01,179.38160705566406,122.7699966430664,81.89905548095703,130.7899932861328,124.37000274658203,125.75731658935547,34.529998779296875,272.321044921875,330.59375,104.82806396484375,69.08999633789062,38.47999954223633
2023-06-02,180.23822021484375,124.25,83.15220642089844,133.4499969482422,125.2300033569336,128.2759246826172,35.43000030517578,272.321044921875,333.39691162109375,104.72916412353516,69.54000091552734,39.72999954223633
2023-06-05,178.8736114501953,125.30000305175781,83.28048706054688,132.27000427246094,126.62999725341797,128.48904418945312,36.290000915527344,271.10235595703125,333.9337158203125,105.75776672363281,68.05999755859375,40.41999816894531
2023-06-06,178.5050811767578,126.61000061035156,85.54998016357422,137.4499969482422,127.91000366210938,128.53749084472656,37.75,270.8326416015625,331.6871643066406,105.92589569091797,72.80999755859375,40.25
2023-06-07,177.12054443359375,121.2300033569336,84.14881134033203,132.7899932861328,122.94000244140625,130.1746063232422,36.95000076293945,263.32061767578125,321.4486999511719,104.09617614746094,72.5,38.9900016784668
2023-06-08,179.85972595214844,124.25,84.99740600585938,133.39999389648438,122.66999816894531,130.2036590576172,37.2400016784668,264.299560546875,323.3174743652344,106.3017349243164,74.93000030517578,40.2599983215332
2023-06-09,180.24819946289062,123.43000030517578,84.36589813232422,135.1999969482422,122.87000274658203,131.06581115722656,36.58000183105469,264.669189453125,324.8383483886719,108.645751953125,76.0999984741211,40.9900016784668
2023-06-12,183.0670623779297,126.56999969482422,84.72112274169922,134.36000061035156,124.3499984741211,132.1507568359375,36.70000076293945,270.7626953125,329.8681335449219,115.15361785888672,76.08999633789062,41.7400016784668
2023-06-13,182.5889434814453,126.66000366210938,86.34923553466797,142.57000732421875,124.43000030517578,133.29383850097656,37.9900016784668,271.0324401855469,332.2935485839844,115.40087890625,77.45999908447266,41.40999984741211
2023-06-14,183.22642517089844,126.41999816894531,88.17469787597656,147.2100067138672,124.37999725341797,132.90635681152344,38.63999938964844,273.0602722167969,335.3253173828125,120.9295883178711,78.66999816894531,41.27000045776367
2023-06-15,185.27833557128906,127.11000061035156,90.97702026367188,148.7100067138672,125.79000091552734,134.0688018798828,39.959999084472656,281.5312805175781,346.0210876464844,125.16267395019531,80.81999969482422,43.36000061035156
2023-06-16,184.19261169433594,125.48999786376953,90.87834930419922,145.11000061035156,124.05999755859375,133.17759704589844,39.849998474121094,280.7021789550781,340.2854919433594,124.0846176147461,79.87000274658203,43.52000045776367
2023-06-20,184.28225708007812,125.77999877929688,86.76366424560547,143.52000427246094,123.8499984741211,131.7051544189453,37.16999816894531,284.02862548828125,336.03106689453125,120.70211791992188,74.31999969482422,42.16999816894531
2023-06-21,183.2364044189453,124.83000183105469,85.61904907226562,140.86000061035156,121.26000213623047,129.50621032714844,36.59000015258789,281.3415222167969,331.56787109375,120.7614517211914,73.02999877929688,42.65999984741211
2023-06-22,186.26441955566406,130.14999389648438,85.73745727539062,141.9199981689453,123.87000274658203,127.06505584716797,36.59000015258789,284.57806396484375,337.6811828613281,119.25811767578125,72.88999938964844,42.810001373291016
2023-06-23,185.9456787109375,129.3300018310547,83.79358673095703,139.2899932861328,123.0199966430664,125.37950897216797,34.869998931884766,288.4239807128906,333.0191650390625,117.3393783569336,69.80000305175781,43.34000015258789
2023-06-26,184.54124450683594,127.33000183105469,84.33629608154297,139.58999633789062,119.08999633789062,127.22974395751953,34.970001220703125,278.17486572265625,326.6375427246094,115.4997787475586,69.58000183105469,44.41999816894531
2023-06-27,187.32025146484375,129.17999267578125,85.97427368164062,143.89999389648438,119.01000213623047,128.19842529296875,35.75,286.7457580566406,332.5718688964844,116.54814910888672,71.68000030517578,43.83000183105469
2023-06-28,188.50558471679688,129.0399932861328,83.46796417236328,141.7899932861328,121.08000183105469,127.6365966796875,34.790000915527344,284.9876403808594,333.84423828125,115.25251770019531,70.20999908447266,44.2400016784668
2023-06-29,188.84423828125,127.9000015258789,82.44176483154297,134.55999755859375,120.01000213623047,129.8646240234375,34.02000045776367,281.2315979003906,333.04901123046875,116.48881530761719,68.9000015258789,42.58000183105469
2023-06-30,193.20701599121094,130.36000061035156,82.24441528320312,136.91000366210938,120.97000122070312,129.6224365234375,34.130001068115234,286.67584228515625,338.5062255859375,117.7844467163086,69.13999938964844,43.16999816894531
2023-07-03,191.70297241210938,130.22000122070312,82.95486450195312,143.3300018310547,120.55999755859375,129.48681640625,35.150001525878906,285.7168273925781,335.971435546875,115.86572265625,71.29000091552734,43.09000015258789
2023-07-05,190.57740783691406,130.3800048828125,83.18181610107422,141.91000366210938,122.62999725341797,130.0389862060547,35.20000076293945,294.0579833984375,336.1304931640625,114.68877410888672,71.83999633789062,43.65999984741211
2023-07-06,191.05551147460938,128.36000061035156,82.72791290283203,138.19000244140625,120.93000030517578,128.02407836914062,34.08000183105469,291.6805114746094,339.2318420410156,114.18435668945312,67.69000244140625,42.11000061035156
2023-07-07,189.92994689941406,129.77999877929688,89.34891510009766,142.66000366210938,120.13999938964844,127.94657897949219,35.7599983215332,290.2220764160156,335.2060546875,113.35356903076172,70.0,42.90999984741211
2023-07-10,187.86810302734375,127.12999725341797,89.35877990722656,142.9499969482422,116.87000274658203,128.7409210205078,35.95000076293945,293.7882995605469,329.8482360839844,113.12608337402344,70.13999938964844,42.779998779296875
2023-07-11,187.34017944335938,128.77999877929688,90.57246398925781,143.3300018310547,117.70999908447266,130.23272705078125,36.02000045776367,297.9738464355469,330.4844055175781,114.01934814453125,71.04000091552734,44.36000061035156
2023-07-12,189.02354431152344,130.8000030517578,92.7531509399414,148.8300018310547,119.62000274658203,128.6827850341797,37.40999984741211,309.0121154785156,335.1861877441406,115.15080261230469,75.33999633789062,44.52000045776367
2023-07-13,189.79051208496094,134.3000030517578,95.32852935791016,152.30999755859375,124.83000183105469,129.72900390625,39.36000061035156,313.07781982421875,340.6135559082031,116.5700912475586,80.93000030517578,45.63999938964844
2023-07-14,189.93992614746094,134.67999267578125,93.30571746826172,149.2100067138672,125.69999694824219,129.2252655029297,38.13999938964844,308.5426330566406,343.1781311035156,118.37645721435547,79.48999786376953,44.75
2023-07-17,193.2269287109375,133.55999755859375,92.17098236083984,149.66000366210938,125.05999755859375,130.0389862060547,37.779998779296875,310.290771484375,343.6652526855469,117.99930572509766,79.0999984741211,45.5099983215332
2023-07-18,192.96795654296875,132.8300018310547,89.99028778076172,144.22999572753906,124.08000183105469,131.12393188476562,36.060001373291016,311.71923828125,357.343017578125,119.86521911621094,75.66999816894531,47.40999984741211
2023-07-19,194.33258056640625,135.36000061035156,90.86848449707031,143.6999969482422,122.77999877929688,131.24017333984375,36.40999984741211,315.6750793457031,352.9593811035156,117.8008041381836,75.2300033569336,47.119998931884766
2023-07-20,192.37033081054688,129.9600067138672,90.6810073852539,143.02999877929688,119.52999877929688,134.0494384765625,36.66999816894531,302.1993408203125,344.79840087890625,115.01185607910156,74.87999725341797,46.56999969482422
2023-07-21,191.1850128173828,130.0,90.94742584228516,141.5,120.30999755859375,134.59190368652344,37.06999969482422,293.9481201171875,341.7169189453125,116.76859283447266,75.97000122070312,47.22999954223633
2023-07-24,191.99180603027344,128.8000030517578,95.07197570800781,148.72999572753906,121.87999725341797,135.17311096191406,38.36000061035156,291.3009033203125,343.0489196777344,117.1854476928711,78.8499984741211,47.31999969482422
2023-07-25,192.85838317871094,129.1300048828125,93.72015380859375,148.72999572753906,122.79000091552734,135.9384002685547,38.529998779296875,294.15789794921875,348.8838806152344,117.06634521484375,82.98999786376953,47.16999816894531
2023-07-26,193.7349395751953,128.14999389648438,95.85150146484375,149.57000732421875,129.66000366210938,136.65525817871094,39.130001068115234,298.2535705566406,335.75274658203125,114.63470458984375,84.11000061035156,47.310001373291016
2023-07-27,192.4599609375,128.25,94.1740493774414,148.02999877929688,129.8699951171875,138.4957733154297,37.97999954223633,311.3796081542969,328.744873046875,115.5279541015625,84.52999877929688,46.61000061035156
2023-07-28,195.05970764160156,132.2100067138672,99.21627044677734,155.36000061035156,133.00999450683594,138.96075439453125,40.529998779296875,325.1350402832031,336.3491516113281,115.12102508544922,89.3499984741211,48.13999938964844
2023-07-31,195.67726135253906,133.67999267578125,100.80491638183594,155.99000549316406,133.11000061035156,139.66790771484375,41.310001373291016,318.2623291015625,333.913818359375,116.35174560546875,89.81999969482422,49.459999084472656
2023-08-01,194.84056091308594,131.69000244140625,98.7722396850586,153.19000244140625,131.88999938964844,138.8445281982422,40.040000915527344,322.3679504394531,334.331298828125,117.02664947509766,90.08999633789062,46.650001525878906
2023-08-02,191.82249450683594,128.2100067138672,93.8089599609375,146.69000244140625,128.63999938964844,139.65821838378906,38.25,313.97686767578125,325.5440979003906,114.84312438964844,84.01000213623047,46.959999084472656
2023-08-03,190.41802978515625,128.91000366210938,96.2856674194336,149.92999267578125,128.77000427246094,139.92945861816406,39.560001373291016,312.8580627441406,324.7091064453125,113.69182586669922,88.80999755859375,45.90999984741211
2023-08-04,181.27415466308594,139.57000732421875,95.61468505859375,148.25999450683594,128.5399932861328,139.72604370117188,39.09000015258789,310.4006652832031,325.8224182128906,113.5826416015625,87.5199966430664,45.20000076293945
2023-08-07,178.146484375,142.22000122070312,95.27919006347656,147.0,131.94000244140625,141.60531616210938,38.90999984741211,316.2244873046875,328.13848876953125,115.23020935058594,85.5999984741211,44.95000076293945
2023-08-08,179.09274291992188,139.94000244140625,92.97023010253906,143.9199981689453,131.83999633789062,141.34376525878906,38.04999923706055,312.30865478515625,324.1027526855469,114.36672973632812,83.72000122070312,45.15999984741211
2023-08-09,177.4890899658203,137.85000610351562,93.59187316894531,142.92999267578125,130.14999389648438,139.61924743652344,37.66999816894531,304.8865051269531,320.3055725097656,112.25267791748047,83.4800033569336,44.11000061035156
2023-08-10,177.26995849609375,138.55999755859375,97.89404296875,143.8000030517578,130.2100067138672,140.36392211914062,38.4900016784668,305.41595458984375,321.0013732910156,112.14350128173828,84.72000122070312,44.599998474121094
2023-08-11,177.32980346679688,138.41000366210938,94.4503402709961,137.91000366210938,130.1699981689453,140.23654174804688,36.459999084472656,301.3203125,319.0928649902344,112.21298217773438,81.55000305175781,43.709999084472656
2023-08-14,178.9954833984375,140.57000732421875,92.2203140258789,137.58999633789062,131.8300018310547,139.05091857910156,36.7599983215332,305.865478515625,322.10479736328125,114.70417785644531,81.44999694824219,44.849998474121094
2023-08-15,176.9906768798828,137.6699981689453,90.37511444091797,135.33999633789062,130.27000427246094,139.01171875,35.970001220703125,301.6299743652344,319.9377746582031,116.41129302978516,78.83999633789062,44.08000183105469
2023-08-16,176.1129608154297,135.07000732421875,87.93788146972656,130.5800018310547,129.11000061035156,137.80650329589844,34.880001068115234,293.97808837890625,319.1607971191406,114.47589874267578,79.0199966430664,43.650001525878906
2023-08-17,173.54962158203125,133.97999572753906,89.44758605957031,129.8699951171875,130.4600067138672,137.8260955810547,34.7599983215332,284.787841796875,315.6544494628906,114.01934814453125,79.66000366210938,43.970001220703125
2023-08-18,174.03834533691406,133.22000122070312,86.86233520507812,125.16000366210938,128.11000061035156,138.5609893798828,33.11000061035156,282.9497985839844,315.2559814453125,115.58750915527344,76.9800033569336,44.689998626708984
2023-08-21,175.3848419189453,134.67999267578125,87.39517211914062,124.91999816894531,128.92999267578125,139.41346740722656,33.220001220703125,289.5927429199219,320.63507080078125,115.71653747558594,78.05999755859375,44.630001068115234
2023-08-22,176.771240234375,134.25,86.91167449951172,128.36000061035156,129.69000244140625,138.63937377929688,33.279998779296875,287.2951965332031,321.21282958984375,115.66691589355469,77.48999786376953,44.349998474121094
2023-08-23,180.65118408203125,135.52000427246094,88.64832305908203,132.50999450683594,133.2100067138672,140.52069091796875,33.810001373291016,293.9281311035156,325.73529052734375,116.95716857910156,77.91999816894531,45.13999938964844
2023-08-24,175.92344665527344,131.83999633789062,87.92801666259766,134.00999450683594,130.4199981689453,140.6578826904297,33.02000045776367,286.4460754394531,318.73248291015625,112.0641098022461,78.2699966430664,44.68000030517578
2023-08-25,178.14767456054688,133.25999450683594,88.62859344482422,133.8300018310547,130.69000244140625,142.42161560058594,32.959999084472656,285.1973876953125,321.7308349609375,115.19050598144531,79.91000366210938,43.959999084472656
2023-08-28,179.7235870361328,133.13999938964844,91.01649475097656,137.27999877929688,131.7899932861328,143.07810974121094,33.810001373291016,289.9523620605469,322.44805908203125,115.96466064453125,80.76000213623047,44.150001525878906
2023-08-29,183.64341735839844,134.91000366210938,92.78275299072266,140.7100067138672,135.49000549316406,143.4994354248047,34.5,297.6741638183594,327.13983154296875,119.7461166381836,93.22000122070312,45.349998474121094
2023-08-30,187.16427612304688,135.07000732421875,92.40779113769531,145.0800018310547,136.92999267578125,143.90118408203125,33.970001220703125,294.7872314453125,327.5183410644531,120.21260070800781,98.13999938964844,46.5099983215332
2023-08-31,187.3837127685547,138.00999450683594,91.66773986816406,142.8300018310547,137.35000610351562,143.87179565429688,33.209999084472656,295.576416015625,326.49237060546875,119.48806762695312,98.97000122070312,47.22999954223633
2023-09-01,188.9696044921875,138.1199951171875,93.749755859375,146.47000122070312,136.8000030517578,144.9594268798828,34.099998474121094,296.0658874511719,327.38885498046875,120.0240249633789,103.29000091552734,47.040000915527344
2023-09-05,189.20896911621094,137.27000427246094,93.39453125,142.60000610351562,136.7100067138672,145.14561462402344,34.2599983215332,299.8318786621094,332.2599182128906,123.0511703491211,101.05999755859375,46.54999923706055
2023-09-06,182.43655395507812,135.36000061035156,93.19718170166016,141.86000061035156,135.3699951171875,145.07701110839844,33.790000915527344,298.8529357910156,331.5925598144531,123.39855194091797,101.58999633789062,45.900001525878906
2023-09-07,177.10040283203125,137.85000610351562,88.77660369873047,137.07000732421875,136.1999969482422,144.5478973388672,32.34000015258789,298.35345458984375,328.634033203125,124.1528549194336,96.61000061035156,46.27000045776367
2023-09-08,177.71878051757812,138.22999572753906,88.85554504394531,135.6699981689453,137.1999969482422,144.70465087890625,32.400001525878906,297.57427978515625,332.9771423339844,125.37364196777344,95.33999633789062,47.2400016784668
2023-09-11,178.89573669433594,143.10000610351562,87.53331756591797,138.13999938964844,137.74000549316406,145.39056396484375,31.920000076293945,307.2340087890625,336.6329650878906,125.76071166992188,97.4000015258789,48.939998626708984
2023-09-12,175.84365844726562,141.22999572753906,87.1287612915039,138.0500030517578,136.07000732421875,143.3524627685547,31.729999542236328,301.34027099609375,330.48681640625,108.78882598876953,98.87999725341797,47.91999816894531
2023-09-13,173.75906372070312,144.85000610351562,86.47750854492188,137.47000122070312,137.5,143.59744262695312,31.690000534057617,304.7366638183594,334.76025390625,111.00212097167969,98.26000213623047,48.15999984741211
2023-09-14,175.28512573242188,144.72000122070312,86.83273315429688,137.0399932861328,138.99000549316406,144.38131713867188,31.719999313354492,311.3896179199219,337.3900451660156,112.8084945678711,99.06999969482422,48.31999969482422
2023-09-15,174.55697631835938,140.38999938964844,85.91506958007812,135.63999938964844,138.3000030517578,143.04872131347656,31.56999969482422,299.99169921875,328.9428405761719,113.0566177368164,99.45999908447266,47.52000045776367
2023-09-18,177.50933837890625,139.97999572753906,85.86573028564453,134.00999450683594,138.9600067138672,142.16685485839844,31.1200008392334,302.22930908203125,327.7873229980469,111.36934661865234,99.80999755859375,46.5099983215332
2023-09-19,178.6064910888672,137.6300048828125,85.95454406738281,132.52000427246094,138.8300018310547,143.5680389404297,30.639999389648438,304.7466735839844,327.37890625,111.9251480102539,98.3499984741211,47.59000015258789
2023-09-20,175.03575134277344,135.2899932861328,84.60271453857422,131.17999267578125,134.58999633789062,146.8113555908203,30.350000381469727,299.3523864746094,319.52935791015625,112.02440643310547,94.4800033569336,46.54999923706055
2023-09-21,173.47979736328125,129.3300018310547,82.99433898925781,128.0,131.36000061035156,144.4107208251953,29.809999465942383,295.41656494140625,318.2941589355469,108.61017608642578,92.16999816894531,44.599998474121094
2023-09-22,174.33755493164062,129.1199951171875,87.1287612915039,132.35000610351562,131.25,143.95018005371094,30.40999984741211,298.76300048828125,315.783935546875,108.21316528320312,95.93000030517578,44.40999984741211
2023-09-25,175.6242218017578,131.27000427246094,86.0630874633789,132.0500030517578,132.1699981689453,143.52883911132812,29.780000686645508,300.5111389160156,316.3118896484375,107.48863983154297,96.69000244140625,44.90999984741211
2023-09-26,171.514892578125,125.9800033569336,84.77046203613281,131.00999450683594,129.4499969482422,140.3541259765625,29.030000686645508,298.64312744140625,310.9327697753906,104.0942611694336,93.93000030517578,44.27000045776367
2023-09-27,169.98883056640625,125.9800033569336,85.04674530029297,131.52999877929688,131.4600067138672,140.28553771972656,28.950000762939453,297.4244079589844,311.5802307128906,103.83621215820312,95.0,45.13999938964844
2023-09-28,170.24818420410156,125.9800033569336,84.40536499023438,132.4499969482422,133.1300048828125,138.72756958007812,28.549999237060547,303.6378173828125,312.4269714355469,105.35475158691406,95.61000061035156,46.13999938964844
2023-09-29,170.76683044433594,127.12000274658203,85.58944702148438,134.35000610351562,131.85000610351562,137.47335815429688,29.1299991607666,299.8918151855469,314.5287780761719,105.12647247314453,98.06999969482422,45.9900016784668
2023-10-02,173.30026245117188,129.4600067138672,85.38223266601562,133.0500030517578,135.1699981689453,137.96328735351562,29.06999969482422,306.49481201171875,320.5553894042969,105.91055297851562,99.66999816894531,45.68000030517578
2023-10-03,171.95375061035156,124.72000122070312,83.41863250732422,129.1699981689453,133.3000030517578,137.56153869628906,28.459999084472656,300.62103271484375,312.1779479980469,103.7369613647461,97.9000015258789,44.5099983215332
2023-10-04,173.2104949951172,127.0,82.96473693847656,127.80999755859375,136.27000427246094,138.22784423828125,28.389999389648438,305.256103515625,317.72637939453125,106.27777862548828,98.16000366210938,44.939998626708984
2023-10-05,174.45726013183594,125.95999908447266,82.56017303466797,130.10000610351562,135.99000549316406,138.6687774658203,28.649999618530273,304.46697998046875,318.12481689453125,107.53826141357422,98.36000061035156,44.61000061035156
2023-10-06,177.0305938720703,127.95999908447266,84.91846466064453,134.75999450683594,138.72999572753906,139.1685028076172,29.610000610351562,315.0956726074219,325.9942932128906,109.1362075805664,105.63999938964844,45.779998779296875
2023-10-09,178.52670288085938,128.25999450683594,83.72451782226562,133.5800018310547,139.5,139.3350830078125,29.229999542236328,318.0225524902344,328.54437255859375,109.4935073852539,106.95999908447266,45.45000076293945
2023-10-10,177.92825317382812,129.47999572753906,86.01374053955078,134.63999938964844,139.1999969482422,139.24688720703125,30.270000457763672,321.4988708496094,327.11993408203125,108.88807678222656,109.55000305175781,46.630001068115234
2023-10-11,179.3345947265625,131.8300018310547,86.61565399169922,134.1199951171875,141.6999969482422,140.34432983398438,30.34000015258789,327.4725646972656,331.13433837890625,109.21680450439453,110.06999969482422,46.63999938964844
2023-10-12,180.24224853515625,132.3300018310547,83.38903045654297,128.1199951171875,140.2899932861328,138.39442443847656,27.829999923706055,323.8164367675781,329.8791809082031,108.68885040283203,106.9000015258789,45.95000076293945
2023-10-13,178.38705444335938,129.7899932861328,82.90552520751953,125.18000030517578,138.5800018310547,135.67042541503906,27.049999237060547,314.3564758300781,326.46246337890625,107.83216857910156,106.0999984741211,43.47999954223633
2023-10-16,178.2574005126953,132.5500030517578,83.19168090820312,124.91000366210938,140.49000549316406,136.4053192138672,27.639999389648438,320.8096008300781,331.35345458984375,108.29039001464844,105.31999969482422,44.709999084472656
2023-10-17,176.6914520263672,131.47000122070312,82.79698944091797,119.76000213623047,140.99000549316406,137.49295043945312,26.649999618530273,323.6565856933594,330.7757263183594,108.6191177368164,104.8499984741211,44.380001068115234
2023-10-18,175.3848419189453,128.1300048828125,81.90892791748047,114.70999908447266,139.27999877929688,137.15000915527344,25.8799991607666,316.634033203125,328.833251953125,107.83216857910156,105.33000183105469,43.0
2023-10-19,175.00584411621094,128.39999389648438,80.52749633789062,107.86000061035156,138.97999572753906,135.2294921875,25.06999969482422,312.47845458984375,330.03857421875,107.92181396484375,104.06999969482422,42.720001220703125
2023-10-20,172.43251037597656,125.16999816894531,78.87964630126953,106.45999908447266,136.74000549316406,134.39662170410156,24.3799991607666,308.3228454589844,325.4065856933594,101.45687103271484,102.77999877929688,42.959999084472656
2023-10-23,172.5522003173828,126.55999755859375,79.44208526611328,107.4000015258789,137.89999389648438,133.63233947753906,24.799999237060547,313.67718505859375,328.0462951660156,103.2598876953125,104.19000244140625,43.040000915527344
2023-10-24,172.99105834960938,128.55999755859375,81.77078247070312,111.43000030517578,140.1199951171875,135.013916015625,25.25,312.2187194824219,329.2516174316406,102.8016586303711,108.33999633789062,44.189998626708984
2023-10-25,170.65713500976562,121.38999938964844,79.95518493652344,107.9800033569336,126.66999816894531,134.31822204589844,25.1200008392334,299.2125244140625,339.3524169921875,101.03849029541016,107.48999786376953,42.349998474121094
2023-10-26,166.45802307128906,119.56999969482422,81.41555786132812,108.63999938964844,123.44000244140625,140.86363220214844,25.920000076293945,288.04437255859375,326.6218566894531,100.01246643066406,107.58000183105469,40.619998931884766
2023-10-27,167.78457641601562,127.73999786376953,81.72144317626953,107.05999755859375,123.4000015258789,139.64862060546875,25.649999618530273,296.4154968261719,328.534423828125,100.60018920898438,108.27999877929688,41.22999954223633
2023-10-30,169.8491973876953,132.7100067138672,82.03720092773438,106.16999816894531,125.75,139.7564239501953,25.940000534057617,302.3392028808594,336.0054016113281,101.25764465332031,104.26000213623047,42.72999954223633
2023-10-31,170.32797241210938,133.08999633789062,81.44515991210938,105.0,125.30000305175781,141.7259063720703,25.420000076293945,300.95068359375,336.80230712890625,103.00089263916016,101.41999816894531,43.279998779296875
2023-11-01,173.51968383789062,137.0,81.38595581054688,104.97000122070312,127.56999969482422,142.47059631347656,25.329999923706055,311.51947021484375,344.7315368652344,105.3418197631836,102.93000030517578,43.83000183105469
2023-11-02,177.11038208007812,138.07000732421875,82.30362701416016,107.05000305175781,128.5800018310547,144.0481719970703,25.809999465942383,310.5404968261719,346.97283935546875,106.4574966430664,101.30999755859375,46.47999954223633
2023-11-03,176.1927490234375,138.60000610351562,84.17841339111328,109.66000366210938,130.3699951171875,144.92022705078125,26.940000534057617,314.2665710449219,351.43548583984375,107.63294219970703,106.41999816894531,47.75
2023-11-06,178.7660675048828,139.74000549316406,84.22775268554688,108.4000015258789,131.4499969482422,145.9686737060547,27.110000610351562,315.46527099609375,355.1510925292969,108.68885040283203,107.12999725341797,48.13999938964844
2023-11-07,181.349365234375,142.7100067138672,84.27709197998047,108.01000213623047,132.39999389648438,145.8314971923828,26.81999969482422,318.4820861816406,359.1356201171875,108.5693130493164,109.37000274658203,49.91999816894531
2023-11-08,182.41659545898438,142.0800018310547,83.67518615722656,107.41999816894531,133.25999450683594,145.047607421875,26.450000762939453,319.4410705566406,361.7952880859375,111.89642333984375,109.6500015258789,49.5
2023-11-09,181.93783569335938,140.60000610351562,81.63264465332031,105.16000366210938,131.69000244140625,145.29534912109375,25.75,320.2102355957031,359.29498291015625,111.74700164794922,108.33000183105469,50.04999923706055
2023-11-10,186.16244506835938,143.55999755859375,81.65237426757812,105.94000244140625,134.05999755859375,147.67367553710938,25.760000228881836,328.4215393066406,368.2402648925781,112.63356018066406,109.04000091552734,51.58000183105469
2023-11-13,184.5644989013672,142.58999633789062,81.16887664794922,107.20999908447266,133.63999938964844,146.76199340820312,25.75,328.8410949707031,365.2618103027344,113.70939636230469,109.2300033569336,52.2400016784668
2023-11-14,187.2011260986328,145.8000030517578,82.75752258300781,109.54000091552734,135.42999267578125,149.05111694335938,26.709999084472656,335.95355224609375,368.837890625,115.65186309814453,111.0,53.880001068115234
2023-11-15,187.7703857421875,143.1999969482422,85.91506958007812,112.83999633789062,136.3800048828125,151.20152282714844,28.59000015258789,332.35736083984375,368.9876708984375,113.61974334716797,114.41999816894531,53.7599983215332
2023-11-16,189.46824645996094,142.8300018310547,78.06065368652344,109.29000091552734,138.6999969482422,151.6771697998047,28.079999923706055,333.8357849121094,375.4756774902344,114.22738647460938,113.05000305175781,54.41999816894531
2023-11-17,189.44825744628906,145.17999267578125,76.57068634033203,108.0999984741211,136.94000244140625,151.5087127685547,27.610000610351562,334.6849060058594,369.1673278808594,114.91472625732422,115.1500015258789,54.439998626708984
2023-11-20,191.2060089111328,146.1300048828125,77.41928100585938,111.29000091552734,137.9199981689453,152.95553588867188,28.549999237060547,339.60968017578125,376.7433166503906,116.46870422363281,118.77999877929688,54.75
2023-11-21,190.3970489501953,143.89999389648438,77.89291381835938,113.41999816894531,138.6199951171875,152.51950073242188,28.079999923706055,336.62286376953125,372.3813781738281,115.63195037841797,117.33999633789062,54.849998474121094
2023-11-22,191.06619262695312,146.7100067138672,77.91264343261719,120.12000274658203,140.02000427246094,153.72848510742188,28.309999465942383,341.1280517578125,377.1525573730469,115.79132843017578,117.44000244140625,55.369998931884766
2023-11-24,189.7279052734375,146.74000549316406,77.4488754272461,123.4000015258789,138.22000122070312,153.77801513671875,28.760000228881836,337.87152099609375,376.7333068847656,115.8012924194336,118.69999694824219,55.31999969482422
2023-11-27,189.54812622070312,147.72999572753906,76.5016098022461,124.0,138.0500030517578,154.1645050048828,28.34000015258789,334.34527587890625,377.9111328125,116.02043914794922,117.72000122070312,56.060001373291016
2023-11-28,190.1573486328125,147.02999877929688,75.72209167480469,119.62999725341797,138.6199951171875,154.2437744140625,28.15999984741211,338.6307067871094,381.9936218261719,115.79132843017578,139.0,56.209999084472656
2023-11-29,189.128662109375,146.32000732421875,73.67955017089844,118.02999877929688,136.39999389648438,154.99691772460938,27.440000534057617,331.8479309082031,378.15069580078125,115.76144409179688,141.72999572753906,56.400001525878906
2023-11-30,189.70791625976562,146.08999633789062,73.88676452636719,118.66000366210938,133.9199981689453,157.1274871826172,27.43000030517578,326.8032531738281,378.2106018066406,115.76144409179688,147.44000244140625,56.380001068115234
2023-12-01,190.9962921142578,147.02999877929688,73.0085678100586,116.7699966430664,133.32000732421875,159.09951782226562,27.15999984741211,324.4757385253906,373.8187255859375,116.70777893066406,145.27000427246094,57.349998474121094
2023-12-04,189.18858337402344,144.83999633789062,72.0613021850586,113.69999694824219,130.6300048828125,159.64454650878906,26.59000015258789,319.6808166503906,368.4586486816406,115.33309936523438,142.8300018310547,58.630001068115234
2023-12-05,193.1735076904297,146.8800048828125,71.419921875,113.55000305175781,132.38999938964844,159.93191528320312,26.1200008392334,317.9526672363281,371.8323669433594,114.08792877197266,143.4600067138672,57.970001220703125
2023-12-06,192.07492065429688,144.52000427246094,70.5417251586914,113.37999725341797,131.42999267578125,158.83193969726562,26.600000381469727,317.1135559082031,368.1192321777344,111.59757995605469,141.99000549316406,59.75
2023-12-07,194.02243041992188,146.8800048828125,71.37059020996094,115.77999877929688,138.4499969482422,158.77249145507812,26.93000030517578,326.24383544921875,370.2652893066406,112.43434143066406,140.2899932861328,60.97999954223633
2023-12-08,195.46058654785156,147.4199981689453,71.18310546875,113.44999694824219,136.63999938964844,160.4967803955078,26.450000762939453,332.3973083496094,373.53924560546875,113.17147827148438,138.9600067138672,61.70000076293945
2023-12-11,192.93380737304688,145.88999938964844,70.42332458496094,113.55999755859375,134.6999969482422,162.0327606201172,25.600000381469727,324.93524169921875,370.6146240234375,114.68560791015625,143.00999450683594,62.459999084472656
2023-12-12,194.4618682861328,147.47999572753906,70.44305419921875,113.1500015258789,133.63999938964844,163.22193908691406,25.18000030517578,333.8657531738281,373.68896484375,100.42088317871094,147.17999267578125,62.720001220703125
2023-12-13,197.7077178955078,148.83999633789062,70.51213073730469,112.36000061035156,133.97000122070312,162.1417694091797,25.290000915527344,334.38519287109375,373.678955078125,102.59246826171875,146.41000366210938,61.970001220703125
2023-12-14,197.85752868652344,147.4199981689453,71.54820251464844,112.91000366210938,133.1999969482422,161.4381866455078,26.239999771118164,332.81689453125,365.2545471191406,99.92281341552734,146.41000366210938,62.5
2023-12-15,197.31822204589844,149.97000122070312,73.52167510986328,114.12000274658203,133.83999633789062,160.7643280029297,27.40999984741211,334.5650329589844,370.04571533203125,102.92119598388672,148.35000610351562,61.86000061035156
2023-12-18,195.64035034179688,154.07000732421875,72.86055755615234,112.26000213623047,137.19000244140625,161.2697296142578,26.639999389648438,344.2547302246094,371.9621276855469,104.59471130371094,148.41000366210938,61.72999954223633
2023-12-19,196.68902587890625,153.7899932861328,74.38999938964844,114.62000274658203,138.10000610351562,160.1003875732422,27.600000381469727,349.9886474609375,372.571044921875,105.83988952636719,150.08999633789062,62.119998931884766
2023-12-20,194.5817108154297,152.1199951171875,73.3499984741211,111.2300033569336,139.66000366210938,158.60403442382812,26.43000030517578,348.9097900390625,369.9358825683594,103.74799346923828,146.42999267578125,60.68000030517578
2023-12-21,194.431884765625,153.83999633789062,76.26000213623047,117.61000061035156,141.8000030517578,159.32742309570312,27.979999542236328,353.7146911621094,372.85052490234375,105.4513931274414,146.72000122070312,61.459999084472656
2023-12-22,193.35328674316406,153.4199981689453,75.27999877929688,114.73999786376953,142.72000122070312,160.67514038085938,27.59000015258789,353.0154724121094,373.8885803222656,105.79007720947266,144.47999572753906,61.709999084472656
2023-12-26,192.80398559570312,153.41000366210938,75.8499984741211,114.66999816894531,142.82000732421875,161.73548889160156,27.610000610351562,354.45391845703125,373.96844482421875,105.78012084960938,145.22000122070312,61.97999954223633
2023-12-27,192.90383911132812,153.33999633789062,76.11000061035156,114.38999938964844,141.44000244140625,161.9832305908203,27.75,357.4507141113281,373.3795471191406,105.53108978271484,144.4499969482422,63.279998779296875
2023-12-28,193.3332977294922,153.3800048828125,77.23999786376953,117.81999969482422,141.27999877929688,162.27059936523438,28.510000228881836,357.9402160644531,374.5872802734375,105.83988952636719,145.35000610351562,63.13999938964844
2023-12-29,192.28463745117188,151.94000244140625,77.51000213623047,119.08999633789062,140.92999267578125,162.07240295410156,28.889999389648438,353.5848388671875,375.34588623046875,105.02305603027344,146.30999755859375,61.56999969482422
